Datetime_UTC,RecNbr,Array_ID_1min,Stn_Code,DHI_Avg,DHI_Std,GHI_Avg,GHI_Std,Irrad_Direct_Avg,Irrad_Direct_Std,SunShine_Tot,Bat_Min,GTI_Avg,GTI_Std,GTISW_Avg,GTISW_Std
2023-05-06 00:00:00,12012,101.0,555.0,-1.960113763809204,0.05779988691210747,-2.6288862228393555,0.11205419898033142,5.029633045196533,6.190051078796387,0.0,13.6,-4.923416614532471,0.11543695628643036,-1.5548264980316162,0.1815105825662613
2023-05-06 00:01:00,12013,101.0,555.0,-1.997451901435852,0.05266083404421806,-2.6984071731567383,0.1216220036149025,3.4401280879974365,5.431824684143066,0.0,13.59,-5.028434753417969,0.11433467268943787,-1.5955815315246582,0.1943686157464981
2023-05-06 00:02:00,12014,101.0,555.0,-1.983678936958313,0.05344444513320923,-2.7594070434570312,0.09607253968715668,2.622663736343384,6.37800407409668,0.0,13.6,-5.071536540985107,0.12136434018611908,-1.5106412172317505,0.20169702172279358
2023-05-06 00:03:00,12015,101.0,555.0,-1.9902366399765015,0.052307408303022385,-2.80533766746521,0.09929029643535614,2.736191511154175,6.398160934448242,0.0,13.6,-5.1367950439453125,0.12430853396654129,-1.5468817949295044,0.2039729654788971
2023-05-06 00:04:00,12016,101.0,555.0,-1.9260190725326538,0.05050189793109894,-2.776477575302124,0.11731691658496857,2.7816009521484375,6.190247535705566,0.0,13.6,-5.0837249755859375,0.12057948857545853,-1.3260637521743774,0.17825841903686523
2023-05-06 00:05:00,12017,101.0,555.0,-1.8146370649337769,0.057352565228939056,-2.712219715118408,0.08645282685756683,0.7152671813964844,5.420377254486084,0.0,13.6,-4.830543518066406,0.14220952987670898,-1.1448919773101807,0.2119167149066925
2023-05-06 00:06:00,12018,101.0,555.0,-1.7281533479690552,0.06316479295492172,-2.465564727783203,0.06965358555316925,3.9509928226470947,6.01085090637207,0.0,13.59,-4.639280319213867,0.12308153510093689,-1.1788809299468994,0.19132116436958313
2023-05-06 00:07:00,12019,101.0,555.0,-1.7910999059677124,0.06750848144292831,-2.4774203300476074,0.10337211936712265,0.05676714703440666,6.024324893951416,0.0,13.6,-4.557528018951416,0.0980415865778923,-1.3533016443252563,0.11853126436471939
2023-05-06 00:08:00,12020,101.0,555.0,-1.9064600467681885,0.05854751914739609,-2.55551815032959,0.06598948687314987,4.586906433105469,4.368751525878906,0.0,13.6,-4.654890537261963,0.11546661704778671,-1.8029087781906128,0.19555680453777313
2023-05-06 00:09:00,12021,101.0,555.0,-2.0683441162109375,0.07672014087438583,-2.800912380218506,0.10336308926343918,1.260270357131958,6.137128829956055,0.0,13.6,-4.8495564460754395,0.13452096283435822,-2.1777679920196533,0.2775188386440277
2023-05-06 00:10:00,12022,101.0,555.0,-2.177121639251709,0.06499593704938889,-2.9583587646484375,0.10509506613016129,0.7606979608535767,5.616246223449707,0.0,13.6,-5.07845401763916,0.11899048835039139,-2.339698553085327,0.23320157825946808
2023-05-06 00:11:00,12023,101.0,555.0,-2.199401378631592,0.05554628744721413,-3.010843515396118,0.055435992777347565,5.608716011047363,2.3080101013183594,0.0,13.59,-5.257608890533447,0.10725092887878418,-2.364609956741333,0.1654171496629715
2023-05-06 00:12:00,12024,101.0,555.0,-2.260998249053955,0.05348333343863487,-3.0561044216156006,0.11016981303691864,3.2811951637268066,5.509774208068848,0.0,13.6,-5.144787788391113,0.09183882921934128,-2.5457983016967773,0.23618504405021667
2023-05-06 00:13:00,12025,101.0,555.0,-2.258373498916626,0.054846927523612976,-3.0534753799438477,0.10932191461324692,2.0890583992004395,5.362258434295654,0.0,13.6,-5.143673419952393,0.10733284056186676,-2.4302823543548584,0.2275221049785614
2023-05-06 00:14:00,12026,101.0,555.0,-2.2858946323394775,0.05764186009764671,-3.0442845821380615,0.1005348265171051,3.8602092266082764,6.182008743286133,0.0,13.6,-5.10495662689209,0.1192350760102272,-2.5503196716308594,0.2032647579908371
2023-05-06 00:15:00,12027,101.0,555.0,-2.2970526218414307,0.055742569267749786,-3.0613653659820557,0.09435928612947464,1.11264967918396,5.891552925109863,0.0,13.6,-5.103888511657715,0.11575997620820999,-2.528820753097534,0.230116069316864
2023-05-06 00:16:00,12028,101.0,555.0,-2.295747995376587,0.06262435019016266,-3.0174145698547363,0.09114629775285721,4.995543003082275,4.830780029296875,0.0,13.59,-5.170258045196533,0.13120625913143158,-2.5752596855163574,0.22525820136070251
2023-05-06 00:17:00,12029,101.0,555.0,-2.2871816158294678,0.060986582189798355,-3.1111745834350586,0.10289515554904938,-1.39652419090271,3.9847183227539062,0.0,13.6,-5.214390277862549,0.1118834838271141,-2.388352155685425,0.15926633775234222
2023-05-06 00:18:00,12030,101.0,555.0,-2.264899492263794,0.057521987706422806,-3.0573747158050537,0.1117282435297966,0.8969398140907288,5.535020351409912,0.0,13.6,-5.186741828918457,0.10291588306427002,-2.431385040283203,0.20006658136844635
2023-05-06 00:19:00,12031,101.0,555.0,-2.2714521884918213,0.04888419806957245,-3.0468759536743164,0.08200845122337341,1.6690008640289307,5.931515693664551,0.0,13.6,-4.993204116821289,0.11078480631113052,-2.6193718910217285,0.11055814474821091
2023-05-06 00:20:00,12032,101.0,555.0,-2.1947739124298096,0.06559821963310242,-2.9327139854431152,0.10648257285356522,-0.6471693515777588,4.339591979980469,0.0,13.6,-5.020847797393799,0.1003878191113472,-2.243394374847412,0.18253016471862793
2023-05-06 00:21:00,12033,101.0,555.0,-2.156761646270752,0.06333219259977341,-2.830361843109131,0.12019840627908707,2.6226956844329834,5.780106544494629,0.0,13.58,-4.830626487731934,0.12809501588344574,-2.2943532466888428,0.2216951698064804
2023-05-06 00:22:00,12034,101.0,555.0,-2.1351780891418457,0.05846308171749115,-2.8008944988250732,0.09422095119953156,0.7493613362312317,5.479180335998535,0.0,13.6,-4.737824440002441,0.1200266033411026,-2.2479681968688965,0.21818216145038605
2023-05-06 00:23:00,12035,101.0,555.0,-2.1148715019226074,0.0685204565525055,-2.7471067905426025,0.1087850034236908,3.2926483154296875,5.720193386077881,0.0,13.6,-4.704668998718262,0.09894346445798874,-2.284217596054077,0.21704407036304474
2023-05-06 00:24:00,12036,101.0,555.0,-2.1168274879455566,0.05084889382123947,-2.786459445953369,0.08384490013122559,4.779969215393066,6.065749168395996,0.0,13.6,-4.650454998016357,0.10855638235807419,-2.326107978820801,0.20660807192325592
2023-05-06 00:25:00,12037,101.0,555.0,-2.154189348220825,0.06425300240516663,-2.7792506217956543,0.11209189146757126,1.566829800605774,5.116487979888916,0.0,13.6,-4.755532741546631,0.09513238072395325,-2.2479734420776367,0.2076953947544098
2023-05-06 00:26:00,12038,101.0,555.0,-2.1928679943084717,0.05244600027799606,-2.8199446201324463,0.11588404327630997,1.941489577293396,6.110579967498779,0.0,13.59,-4.861730575561523,0.10690540820360184,-2.4076666831970215,0.2113962024450302
2023-05-06 00:27:00,12039,101.0,555.0,-2.272812604904175,0.050153929740190506,-2.902600049972534,0.08590900897979736,3.3494694232940674,5.694613456726074,0.0,13.6,-4.917004108428955,0.1411135345697403,-2.6239590644836426,0.15548522770404816
2023-05-06 00:28:00,12040,101.0,555.0,-2.2970540523529053,0.05756402760744095,-3.014784336090088,0.12011308968067169,-0.13624849915504456,4.781332492828369,0.0,13.6,-5.122692584991455,0.09523896127939224,-2.495980978012085,0.18184643983840942
2023-05-06 00:29:00,12041,101.0,555.0,-2.339669704437256,0.05675554275512695,-3.0915706157684326,0.05304492264986038,3.269920587539673,5.874434471130371,0.0,13.6,-5.16143798828125,0.11110249161720276,-2.7666633129119873,0.16084083914756775
2023-05-06 00:30:00,12042,101.0,555.0,-2.310177803039551,0.062020208686590195,-3.1289682388305664,0.06986809521913528,-2.168586015701294,2.6456892490386963,0.0,13.6,-5.254336357116699,0.07613319903612137,-2.574140787124634,0.11308545619249344
2023-05-06 00:31:00,12043,101.0,555.0,-2.2452783584594727,0.05639185011386871,-2.989193916320801,0.09612265974283218,1.5781753063201904,5.759612560272217,0.0,13.58,-5.233282089233398,0.12143140286207199,-2.554867744445801,0.24817529320716858
2023-05-06 00:32:00,12044,101.0,555.0,-2.201362133026123,0.05443514883518219,-2.9202945232391357,0.08272934705018997,4.4620561599731445,3.7568914890289307,0.0,13.6,-4.976690292358398,0.14488306641578674,-2.676034688949585,0.12596294283866882
2023-05-06 00:33:00,12045,101.0,555.0,-2.1292624473571777,0.06292474269866943,-2.812680959701538,0.10790923237800598,6.574007987976074,5.9452314376831055,0.0,13.6,-4.838425636291504,0.08242673426866531,-2.5084166526794434,0.1002410501241684
2023-05-06 00:34:00,12046,101.0,555.0,-2.0040764808654785,0.051754653453826904,-2.6985039710998535,0.0857684463262558,1.5328105688095093,5.438016891479492,0.0,13.6,-4.7543463706970215,0.1315082162618637,-2.102980852127075,0.174752339720726
2023-05-06 00:35:00,12047,101.0,555.0,-1.9352582693099976,0.055651016533374786,-2.69980788230896,0.06978952884674072,-0.18166275322437286,3.5065789222717285,0.0,13.6,-4.527618885040283,0.11643142998218536,-1.8730851411819458,0.18828792870044708
2023-05-06 00:36:00,12048,101.0,555.0,-1.8985698223114014,0.06095433980226517,-2.5449860095977783,0.10942911356687546,3.2018768787384033,5.611266136169434,0.0,13.59,-4.430325508117676,0.09412766247987747,-2.040700912475586,0.24685567617416382
2023-05-06 00:37:00,12049,101.0,555.0,-1.8880870342254639,0.05201328545808792,-2.5344927310943604,0.11043543368577957,4.076163291931152,5.934417247772217,0.0,13.6,-4.36397647857666,0.11452765762805939,-2.1075196266174316,0.19278015196323395
2023-05-06 00:38:00,12050,101.0,555.0,-1.8985811471939087,0.05230998247861862,-2.6079866886138916,0.09108888357877731,1.4760215282440186,5.247715950012207,0.0,13.6,-4.386114597320557,0.12396267056465149,-2.1426355838775635,0.20923464000225067
2023-05-06 00:39:00,12051,101.0,555.0,-1.9051265716552734,0.05806634575128555,-2.601414203643799,0.10929905623197556,3.9625298976898193,5.793177604675293,0.0,13.6,-4.406002521514893,0.11051281541585922,-2.1924550533294678,0.22496986389160156
2023-05-06 00:40:00,12052,101.0,555.0,-1.8887333869934082,0.053707171231508255,-2.5685970783233643,0.10154589265584946,-0.9196637272834778,5.4040021896362305,0.0,13.6,-4.445793628692627,0.10350830107927322,-2.097317695617676,0.20960015058517456
2023-05-06 00:41:00,12053,101.0,555.0,-1.9077093601226807,0.053479235619306564,-2.6125149726867676,0.09341633319854736,0.8855952024459839,4.980212211608887,0.0,13.59,-4.387112617492676,0.11433672904968262,-2.1788225173950195,0.23038813471794128
2023-05-06 00:42:00,12054,101.0,555.0,-1.9240822792053223,0.04589259997010231,-2.4714438915252686,0.1125149205327034,4.496242046356201,3.62665057182312,0.0,13.6,-4.394829750061035,0.09255237132310867,-2.414355993270874,0.15317654609680176
2023-05-06 00:43:00,12055,101.0,555.0,-1.8690330982208252,0.049978140741586685,-2.5403311252593994,0.09075705707073212,0.851577639579773,6.253309726715088,0.0,13.6,-4.254379749298096,0.12478019297122955,-2.0146050453186035,0.19410309195518494
2023-05-06 00:44:00,12056,101.0,555.0,-1.840852975845337,0.059412360191345215,-2.397305727005005,0.10506247729063034,2.9180588722229004,5.275666236877441,0.0,13.6,-4.164801120758057,0.1249423548579216,-1.9579828977584839,0.22517839074134827
2023-05-06 00:45:00,12057,101.0,555.0,-1.8041529655456543,0.05424308404326439,-2.343506336212158,0.11167962849140167,0.2157289981842041,4.927482604980469,0.0,13.6,-4.064162731170654,0.11078281700611115,-1.8073679208755493,0.2247365266084671
2023-05-06 00:46:00,12058,101.0,555.0,-1.7975986003875732,0.051813554018735886,-2.2385330200195312,0.09132488071918488,9.378636360168457,3.77337384223938,0.0,13.59,-3.974583148956299,0.10257995873689651,-2.047443389892578,0.12247052043676376
2023-05-06 00:47:00,12059,101.0,555.0,-1.770073652267456,0.06195998191833496,-2.23984432220459,0.10530789941549301,4.087575435638428,5.7713303565979,0.0,13.6,-3.9303460121154785,0.11127295345067978,-1.8300150632858276,0.21301837265491486
2023-05-06 00:48:00,12060,101.0,555.0,-1.7740198373794556,0.05880294367671013,-2.268073558807373,0.09908681362867355,1.4306186437606812,5.296999454498291,0.0,13.6,-3.9137885570526123,0.11396348476409912,-1.7971889972686768,0.21537895500659943
2023-05-06 00:49:00,12061,101.0,555.0,-1.8140006065368652,0.05764150992035866,-2.301539659500122,0.07022198289632797,-2.8953166007995605,2.8623998165130615,0.0,13.6,-3.8828330039978027,0.08522684872150421,-1.864007592201233,0.2196018546819687
2023-05-06 00:50:00,12062,101.0,555.0,-1.8317087888717651,0.04936934635043144,-2.295652151107788,0.07588816434144974,1.680448293685913,6.293809413909912,0.0,13.6,-3.910510540008545,0.09832069277763367,-1.8617569208145142,0.18240618705749512
2023-05-06 00:51:00,12063,101.0,555.0,-1.8330270051956177,0.056574512273073196,-2.26876163482666,0.10731915384531021,3.0429491996765137,5.95528507232666,0.0,13.59,-3.979093074798584,0.10348140448331833,-1.9466993808746338,0.24336160719394684
2023-05-06 00:52:00,12064,101.0,555.0,-1.8474595546722412,0.05201344192028046,-2.3291406631469727,0.11299338936805725,1.8393750190734863,6.068225383758545,0.0,13.6,-4.064281463623047,0.10465475916862488,-1.895753264427185,0.19798462092876434
2023-05-06 00:53:00,12065,101.0,555.0,-1.8599063158035278,0.05574912950396538,-2.3475050926208496,0.11063975840806961,2.7477407455444336,5.507899761199951,0.0,13.6,-4.072011470794678,0.11362244933843613,-1.9580339193344116,0.24134854972362518
2023-05-06 00:54:00,12066,101.0,555.0,-1.8736653327941895,0.05735403671860695,-2.30485463142395,0.0848645344376564,2.6228623390197754,6.024235725402832,0.0,13.6,-4.1151347160339355,0.11524427682161331,-1.921791434288025,0.19891111552715302
2023-05-06 00:55:00,12067,101.0,555.0,-1.8802345991134644,0.06400808691978455,-2.391479015350342,0.10103417932987213,2.6456124782562256,5.4800333976745605,0.0,13.6,-4.11295747756958,0.11069850623607635,-1.925205111503601,0.20931077003479004
2023-05-06 00:56:00,12068,101.0,555.0,-1.8854786157608032,0.04891561344265938,-2.35211443901062,0.10077895224094391,-3.326880693435669,4.9816694259643555,0.0,13.59,-4.206964015960693,0.10435865819454193,-1.8289456367492676,0.1302838921546936
2023-05-06 00:57:00,12069,101.0,555.0,-1.8933335542678833,0.04912571609020233,-2.40852689743042,0.11260979622602463,3.633378267288208,6.22108268737793,0.0,13.6,-4.182612895965576,0.12412019073963165,-2.029383420944214,0.1986699402332306
2023-05-06 00:58:00,12070,101.0,555.0,-1.8736690282821655,0.054591286927461624,-2.4610097408294678,0.10982297360897064,2.2822535037994385,5.442761421203613,0.0,13.6,-4.208041191101074,0.10787937045097351,-2.0633530616760254,0.20978116989135742
2023-05-06 00:59:00,12071,101.0,555.0,-1.8356528282165527,0.04999212920665741,-2.502336025238037,0.10861049592494965,1.635047435760498,5.59194803237915,0.0,13.6,-4.226828575134277,0.11701871454715729,-1.9874721765518188,0.21969486773014069
2023-05-06 01:00:00,12072,101.0,555.0,-1.7733917236328125,0.05863156169652939,-2.464935779571533,0.10292701423168182,3.826396942138672,5.635810375213623,0.0,13.6,-4.177057266235352,0.1113148033618927,-2.020310878753662,0.19843533635139465
2023-05-06 01:01:00,12073,101.0,555.0,-1.7281711101531982,0.04730827733874321,-2.4852728843688965,0.1002252846956253,-1.4760537147521973,5.966552734375,0.0,13.59,-4.1671013832092285,0.1191931962966919,-1.9195208549499512,0.1875753104686737
2023-05-06 01:02:00,12074,101.0,555.0,-1.7215957641601562,0.05029904097318649,-2.4301304817199707,0.10967318713665009,2.395704984664917,5.689507961273193,0.0,13.6,-4.18916654586792,0.11001361161470413,-2.023681640625,0.21418093144893646
2023-05-06 01:03:00,12075,101.0,555.0,-1.7156920433044434,0.06132429093122482,-2.426842212677002,0.10411061346530914,2.6682305335998535,5.681084632873535,0.0,13.6,-4.173670291900635,0.1108325943350792,-1.9964964389801025,0.23111633956432343
2023-05-06 01:04:00,12076,101.0,555.0,-1.666524887084961,0.05923836678266525,-2.3894224166870117,0.11164064705371857,2.4525301456451416,6.4715962409973145,0.0,13.6,-4.095110893249512,0.10567478090524673,-1.931928277015686,0.20734325051307678
2023-05-06 01:05:00,12077,101.0,555.0,-1.6291747093200684,0.05804082006216049,-2.281831979751587,0.10463506728410721,2.952134370803833,6.004744529724121,0.0,13.6,-4.073003768920898,0.10908706486225128,-1.7598029375076294,0.21077749133110046
2023-05-06 01:06:00,12078,101.0,555.0,-1.608208417892456,0.04407874122262001,-2.223447561264038,0.11442678421735764,2.600179433822632,5.684271812438965,0.0,13.59,-3.9524729251861572,0.10927683860063553,-1.630710244178772,0.21558000147342682
2023-05-06 01:07:00,12079,101.0,555.0,-1.5963994264602661,0.04879358783364296,-2.1532299518585205,0.11141107231378555,2.1119630336761475,5.620291709899902,0.0,13.6,-3.859546661376953,0.11567306518554688,-1.5287784337997437,0.17783032357692719
2023-05-06 01:08:00,12080,101.0,555.0,-1.5885307788848877,0.056160297244787216,-2.1322295665740967,0.10950682312250137,0.14761044085025787,5.15719747543335,0.0,13.6,-3.8473706245422363,0.08860201388597488,-1.4800797700881958,0.19656959176063538
2023-05-06 01:09:00,12081,101.0,555.0,-1.602973222732544,0.045611247420310974,-2.2195215225219727,0.0635111853480339,-1.5441956520080566,4.1193718910217285,0.0,13.6,-3.8795018196105957,0.07801111042499542,-1.4087588787078857,0.12209393829107285
2023-05-06 01:10:00,12082,101.0,555.0,-1.6842350959777832,0.05033796280622482,-2.1434149742126465,0.05203724279999733,1.0672580003738403,6.45499849319458,0.0,13.6,-3.950277805328369,0.09263095259666443,-1.867397427558899,0.15715661644935608
2023-05-06 01:11:00,12083,101.0,555.0,-1.7294517755508423,0.04624238982796669,-2.218205451965332,0.058751240372657776,5.4613542556762695,3.5605592727661133,0.0,13.59,-3.985661506652832,0.09757017344236374,-2.015744924545288,0.11347038298845291
2023-05-06 01:12:00,12084,101.0,555.0,-1.8041592836380005,0.05181317776441574,-2.0627126693725586,0.06396021693944931,6.312967777252197,3.2287216186523438,0.0,13.6,-4.149331092834473,0.07986985146999359,-2.130119800567627,0.13915206491947174
2023-05-06 01:13:00,12085,101.0,555.0,-1.8015365600585938,0.05151425302028656,-2.1480014324188232,0.0701851099729538,7.017008304595947,2.0373446941375732,0.0,13.6,-4.167022228240967,0.11023523658514023,-2.047450065612793,0.16385577619075775
2023-05-06 01:14:00,12086,101.0,555.0,-1.8454264402389526,0.04966665431857109,-2.172255039215088,0.050558704882860184,1.8053290843963623,3.190091609954834,0.0,13.6,-4.3052167892456055,0.08743657916784286,-1.844725251197815,0.10365919023752213
2023-05-06 01:15:00,12087,101.0,555.0,-1.8644269704818726,0.05141304060816765,-2.2942793369293213,0.08834053575992584,-3.9512414932250977,5.4269795417785645,0.0,13.6,-4.27534818649292,0.12552739679813385,-1.8333969116210938,0.10039077699184418
2023-05-06 01:16:00,12088,101.0,555.0,-1.8349419832229614,0.05356147140264511,-2.2175252437591553,0.05823921039700508,0.0227087140083313,6.718841552734375,0.0,13.59,-4.332866191864014,0.10442293435335159,-1.803958773612976,0.09482018649578094
2023-05-06 01:17:00,12089,101.0,555.0,-1.814629077911377,0.05505926162004471,-2.1624181270599365,0.07901059091091156,5.68857479095459,2.508760690689087,0.0,13.6,-4.23334264755249,0.10264965146780014,-1.9715611934661865,0.2268799990415573
2023-05-06 01:18:00,12090,101.0,555.0,-1.7549986839294434,0.050235070288181305,-2.247058391571045,0.07915162295103073,0.7153370976448059,5.826680660247803,0.0,13.6,-4.21123743057251,0.11898492276668549,-1.5559637546539307,0.1730957180261612
2023-05-06 01:19:00,12091,101.0,555.0,-1.7530354261398315,0.058888986706733704,-2.159803628921509,0.11819411814212799,3.008887767791748,4.809665203094482,0.0,13.6,-4.0774312019348145,0.09647718816995621,-1.6635476350784302,0.17211312055587769
2023-05-06 01:20:00,12092,101.0,555.0,-1.682260513305664,0.05029929801821709,-2.128314256668091,0.07289253175258636,-1.22626531124115,4.208392143249512,0.0,13.6,-3.9624221324920654,0.13549359142780304,-1.5287894010543823,0.1610291302204132
2023-05-06 01:21:00,12093,101.0,555.0,-1.67769455909729,0.05451572313904762,-2.131621837615967,0.051235027611255646,5.518266677856445,5.679098606109619,0.0,13.59,-3.850776195526123,0.10060764849185944,-1.6488488912582397,0.1317926049232483
2023-05-06 01:22:00,12094,101.0,555.0,-1.6580368280410767,0.054752327501773834,-2.1034138202667236,0.08605608344078064,-3.6561341285705566,2.863389015197754,0.0,13.6,-3.8264527320861816,0.08791749179363251,-1.4778512716293335,0.1486712545156479
2023-05-06 01:23:00,12095,101.0,555.0,-1.6508244276046753,0.061123378574848175,-2.0620758533477783,0.11274551600217819,4.314619064331055,4.109552383422852,0.0,13.6,-3.8175971508026123,0.11774682998657227,-1.575238823890686,0.2251811921596527
2023-05-06 01:24:00,12096,101.0,555.0,-1.6822806596755981,0.056568827480077744,-2.2044456005096436,0.06468360871076584,-0.1703261286020279,1.9808413982391357,0.0,13.6,-3.8474552631378174,0.1113564744591713,-1.6046818494796753,0.152989462018013
2023-05-06 01:25:00,12097,101.0,555.0,-1.759610891342163,0.05543409660458565,-2.138836145401001,0.08215480297803879,7.05111837387085,3.6429765224456787,0.0,13.6,-3.9337141513824463,0.11109283566474915,-1.981786847114563,0.15943025052547455
2023-05-06 01:26:00,12098,101.0,555.0,-1.8126965761184692,0.06986277550458908,-2.2674317359924316,0.10543318837881088,2.2595388889312744,5.965703010559082,0.0,13.59,-4.126147270202637,0.09185831248760223,-1.9455509185791016,0.20193223655223846
2023-05-06 01:27:00,12099,101.0,555.0,-1.9096895456314087,0.06064729392528534,-2.358628988265991,0.11370371282100677,-0.13625076413154602,4.489387512207031,0.0,13.6,-4.22678804397583,0.10011999309062958,-2.056532621383667,0.23825670778751373
2023-05-06 01:28:00,12100,101.0,555.0,-1.9384976625442505,0.058014173060655594,-2.3507227897644043,0.07472111284732819,4.496358871459961,6.512177467346191,0.0,13.6,-4.212351322174072,0.12962263822555542,-2.298844337463379,0.11779125034809113
2023-05-06 01:29:00,12101,101.0,555.0,-1.9004809856414795,0.05545322597026825,-2.421570301055908,0.06836561858654022,-0.31792864203453064,2.729217290878296,0.0,13.6,-4.231136798858643,0.09567226469516754,-2.021390914916992,0.18592499196529388
2023-05-06 01:30:00,12102,101.0,555.0,-1.846069097518921,0.06316729635000229,-2.2798352241516113,0.10618368536233902,2.3162589073181152,5.705465316772461,0.0,13.6,-4.1979169845581055,0.09294652938842773,-2.057607412338257,0.23474447429180145
2023-05-06 01:31:00,12103,101.0,555.0,-1.787746787071228,0.06153065711259842,-2.224071979522705,0.1102876216173172,-1.3852312564849854,6.1751708984375,0.0,13.59,-4.098393440246582,0.09566917270421982,-1.9228519201278687,0.20432621240615845
2023-05-06 01:32:00,12104,101.0,555.0,-1.7169734239578247,0.06367195397615433,-2.2339165210723877,0.11125168949365616,0.8742604851722717,6.847631931304932,0.0,13.6,-3.9115054607391357,0.1059051901102066,-1.858306646347046,0.23035559058189392
2023-05-06 01:33:00,12105,101.0,555.0,-1.6239078044891357,0.05976171791553497,-2.0436460971832275,0.07268907129764557,6.585447788238525,2.9842424392700195,0.0,13.6,-3.8484504222869873,0.0999056026339531,-1.8775478601455688,0.20903721451759338
2023-05-06 01:34:00,12106,101.0,555.0,-1.5858957767486572,0.05356084927916527,-2.074477195739746,0.0986194759607315,0.840216338634491,5.7219696044921875,0.0,13.6,-3.6958324909210205,0.10157200694084167,-1.6046327352523804,0.21773909032344818
2023-05-06 01:35:00,12107,101.0,555.0,-1.505953073501587,0.05620596185326576,-1.99575936794281,0.09433700144290924,-0.738040566444397,3.868443250656128,0.0,13.6,-3.618439197540283,0.10934243351221085,-1.4653527736663818,0.13439121842384338
2023-05-06 01:36:00,12108,101.0,555.0,-1.4581149816513062,0.06351884454488754,-1.9616453647613525,0.09673234820365906,1.124069333076477,4.440987586975098,0.0,13.59,-3.471360206604004,0.10525870323181152,-1.4506324529647827,0.2082509696483612
2023-05-06 01:37:00,12109,101.0,555.0,-1.3762017488479614,0.040609583258628845,-1.833060383796692,0.04509260505437851,7.278067111968994,1.4637281894683838,0.0,13.6,-3.440403699874878,0.09051370620727539,-1.4619603157043457,0.17782674729824066
2023-05-06 01:38:00,12110,101.0,555.0,-1.383401870727539,0.04894597828388214,-1.859947681427002,0.10204475373029709,-1.8166288137435913,6.43851375579834,0.0,13.6,-3.402782917022705,0.09774217754602432,-1.360033631324768,0.09961986541748047
2023-05-06 01:39:00,12111,101.0,555.0,-1.439097285270691,0.04931959882378578,-1.9504746198654175,0.05678262561559677,0.3618720769882202,2.965212821960449,0.0,13.6,-3.3264596462249756,0.08520230650901794,-1.6793665885925293,0.18108323216438293
2023-05-06 01:40:00,12112,101.0,555.0,-1.513811469078064,0.052508167922496796,-2.014777898788452,0.062030062079429626,0.32925570011138916,5.3285932540893555,0.0,13.6,-3.4890382289886475,0.08330896496772766,-1.6238858699798584,0.22728689014911652
2023-05-06 01:41:00,12113,101.0,555.0,-1.6324286460876465,0.07232202589511871,-2.054144859313965,0.1168815866112709,3.7808640003204346,5.716463088989258,0.0,13.59,-3.7566657066345215,0.11305627971887589,-1.980600118637085,0.24990038573741913
2023-05-06 01:42:00,12114,101.0,555.0,-1.7739884853363037,0.06622114777565002,-2.2247326374053955,0.11214574426412582,0.3973960876464844,6.174363613128662,0.0,13.6,-4.058589935302734,0.12063755840063095,-2.147075891494751,0.23214417695999146
2023-05-06 01:43:00,12115,101.0,555.0,-1.8762141466140747,0.05746931582689285,-2.3382251262664795,0.09458930790424347,2.2935798168182373,6.019201278686523,0.0,13.6,-4.217822074890137,0.10993468016386032,-2.338447332382202,0.24942637979984283
2023-05-06 01:44:00,12116,101.0,555.0,-1.9070016145706177,0.05396009609103203,-2.390037775039673,0.09908723831176758,1.146793246269226,6.395041465759277,0.0,13.6,-4.277510643005371,0.11133658140897751,-2.427891969680786,0.20863446593284607
2023-05-06 01:45:00,12117,101.0,555.0,-1.857872486114502,0.051078710705041885,-2.362508535385132,0.12560372054576874,1.2262368202209473,5.232518196105957,0.0,13.6,-4.285298824310303,0.09008236229419708,-2.3690342903137207,0.2588827311992645
2023-05-06 01:46:00,12118,101.0,555.0,-1.7838327884674072,0.06047612801194191,-2.3763041496276855,0.08502696454524994,5.904170036315918,5.552179336547852,0.0,13.59,-4.200177192687988,0.11888208985328674,-2.499279737472534,0.13016089797019958
2023-05-06 01:47:00,12119,101.0,555.0,-1.6652367115020752,0.06209413707256317,-2.2982594966888428,0.06707462668418884,7.607197284698486,2.522031307220459,0.0,13.6,-4.300865173339844,0.12022967636585236,-2.278482675552368,0.19075851142406464
2023-05-06 01:48:00,12120,101.0,555.0,-1.6606491804122925,0.05145104601979256,-2.3750205039978027,0.10231352597475052,-2.6341261863708496,3.75911808013916,0.0,13.6,-4.203545570373535,0.10195733606815338,-2.0474636554718018,0.13895511627197266
2023-05-06 01:49:00,12121,101.0,555.0,-1.697326898574829,0.0626525729894638,-2.315943717956543,0.0877768024802208,-2.009634256362915,4.450526714324951,0.0,13.6,-4.148197174072266,0.09265098720788956,-2.088205099105835,0.20036055147647858
2023-05-06 01:50:00,12122,101.0,555.0,-1.6816000938415527,0.05531316250562668,-2.26936411857605,0.11176243424415588,5.5066142082214355,4.280190944671631,0.0,13.6,-4.055305004119873,0.10285817831754684,-2.288647413253784,0.14061762392520905
2023-05-06 01:51:00,12123,101.0,555.0,-1.6763592958450317,0.052246663719415665,-2.2746152877807617,0.06668449193239212,-0.44279640913009644,2.7413852214813232,0.0,13.59,-3.9756853580474854,0.12132101505994797,-2.008938789367676,0.22376398742198944
2023-05-06 01:52:00,12124,101.0,555.0,-1.6625959873199463,0.061374906450510025,-2.145366907119751,0.11688511073589325,3.4174492359161377,5.354545593261719,0.0,13.6,-3.9314472675323486,0.08619628846645355,-2.033850908279419,0.20826898515224457
2023-05-06 01:53:00,12125,101.0,555.0,-1.6422799825668335,0.051949840039014816,-2.12634015083313,0.0775696262717247,0.6585126519203186,5.796333312988281,0.0,13.6,-3.847398281097412,0.14811939001083374,-1.8787071704864502,0.19211027026176453
2023-05-06 01:54:00,12126,101.0,555.0,-1.6737388372421265,0.04617259278893471,-1.9741336107254028,0.08589045703411102,5.041000843048096,3.689908742904663,0.0,13.6,-3.816438913345337,0.08260251581668854,-2.1572887897491455,0.16672205924987793
2023-05-06 01:55:00,12127,101.0,555.0,-1.6311421394348145,0.060273487120866776,-2.0902597904205322,0.0905386209487915,4.110005855560303,5.729185104370117,0.0,13.6,-3.7368154525756836,0.10171229392290115,-1.9240076541900635,0.1576443463563919
2023-05-06 01:56:00,12128,101.0,555.0,-1.5833030939102173,0.05600768327713013,-2.1217525005340576,0.0893903449177742,-1.0445256233215332,3.2514760494232178,0.0,13.59,-3.6870527267456055,0.10234159976243973,-1.585410475730896,0.16488519310951233
2023-05-06 01:57:00,12129,101.0,555.0,-1.538730263710022,0.05049297958612442,-1.9117963314056396,0.12518872320652008,7.731886863708496,4.5593061447143555,0.0,13.6,-3.59745192527771,0.09848115593194962,-1.7122324705123901,0.1195036992430687
2023-05-06 01:58:00,12130,101.0,555.0,-1.4948118925094604,0.04788408428430557,-1.9032529592514038,0.09226793795824051,1.2148653268814087,6.012746334075928,0.0,13.6,-3.532179117202759,0.12136491388082504,-1.4596900939941406,0.12921014428138733
2023-05-06 01:59:00,12131,101.0,555.0,-1.5092464685440063,0.0574706569314003,-1.8566932678222656,0.0847751572728157,1.771182894706726,6.3396830558776855,0.0,13.6,-3.479137659072876,0.12495291233062744,-1.6420286893844604,0.1857316941022873
2023-05-06 02:00:00,12132,101.0,555.0,-1.5197384357452393,0.06126309931278229,-1.9570813179016113,0.08506529778242111,-1.703065276145935,3.3315141201019287,0.0,13.6,-3.442657232284546,0.11042920500040054,-1.60126793384552,0.18705467879772186
2023-05-06 02:01:00,12133,101.0,555.0,-1.4699503183364868,0.06384535878896713,-1.9065865278244019,0.08635453879833221,4.484855651855469,5.4333086013793945,0.0,13.59,-3.4626057147979736,0.09878575056791306,-1.6692347526550293,0.22342337667942047
2023-05-06 02:02:00,12134,101.0,555.0,-1.456187129020691,0.06047773361206055,-1.95316743850708,0.10613712668418884,2.111867666244507,3.8751165866851807,0.0,13.6,-3.3265767097473145,0.0926324799656868,-1.6239358186721802,0.24925357103347778
2023-05-06 02:03:00,12135,101.0,555.0,-1.419485092163086,0.06078866496682167,-1.8803389072418213,0.11280842125415802,1.9075225591659546,5.2708420753479,0.0,13.6,-3.3088762760162354,0.10867200046777725,-1.5129528045654297,0.18643851578235626
2023-05-06 02:04:00,12136,101.0,555.0,-1.3854154348373413,0.0534149631857872,-1.9479275941848755,0.054493248462677,-1.7485275268554688,2.7933051586151123,0.0,13.6,-3.263554096221924,0.06578915566205978,-1.3464908599853516,0.11537083983421326
2023-05-06 02:05:00,12137,101.0,555.0,-1.3631408214569092,0.0474398210644722,-1.8095027208328247,0.09118502587080002,-0.9423906207084656,4.801201820373535,0.0,13.6,-3.2746310234069824,0.11545618623495102,-1.2978023290634155,0.14236639440059662
2023-05-06 02:06:00,12138,101.0,555.0,-1.32838773727417,0.056115198880434036,-1.7038474082946777,0.10831529647111893,5.256880760192871,3.6178157329559326,0.0,13.59,-3.2093346118927,0.0930175855755806,-1.4359420537948608,0.17120817303657532
2023-05-06 02:07:00,12139,101.0,555.0,-1.2418767213821411,0.057112906128168106,-1.6356074810028076,0.08755878359079361,7.266515731811523,3.259178638458252,0.0,13.6,-3.2048983573913574,0.15528398752212524,-1.2875860929489136,0.13837586343288422
2023-05-06 02:08:00,12140,101.0,555.0,-1.2261422872543335,0.051011454313993454,-1.5594942569732666,0.13974741101264954,9.911884307861328,3.95743727684021,0.0,13.6,-3.035680055618286,0.09738781303167343,-1.3713797330856323,0.09884679317474365
2023-05-06 02:09:00,12141,101.0,555.0,-1.1245681047439575,0.055698949843645096,-1.4892994165420532,0.10640378296375275,1.9755691289901733,5.144207954406738,0.0,13.6,-2.902981996536255,0.09195925295352936,-1.1392338275909424,0.18950538337230682
2023-05-06 02:10:00,12142,101.0,555.0,-1.1154005527496338,0.05370648577809334,-1.509647250175476,0.05741759389638901,-1.8393023014068604,2.933480739593506,0.0,13.6,-2.754809856414795,0.09576786309480667,-1.0622351169586182,0.21628254652023315
2023-05-06 02:11:00,12143,101.0,555.0,-1.0026856660842896,0.057205356657505035,-1.2281932830810547,0.0796404704451561,-6.562421798706055,1.7277039289474487,0.0,13.59,-2.6431257724761963,0.10846260190010071,-0.8153656125068665,0.12027474492788315
2023-05-06 02:12:00,12144,101.0,555.0,-0.9194591641426086,0.0551859475672245,-1.092387080192566,0.09551665931940079,5.358916759490967,6.684352397918701,0.0,13.6,-2.4108924865722656,0.11278152465820312,-1.0565813779830933,0.2036249041557312
2023-05-06 02:13:00,12145,101.0,555.0,-0.9017805457115173,0.04808797687292099,-1.0858451128005981,0.08869145065546036,7.254940986633301,5.842617988586426,0.0,13.6,-2.241727113723755,0.11240999400615692,-1.1596554517745972,0.09757865965366364
2023-05-06 02:14:00,12146,101.0,555.0,-0.859836995601654,0.05628742650151253,-1.0261396169662476,0.08590488135814667,5.47241735458374,4.31907320022583,0.0,13.6,-2.277115821838379,0.11961657553911209,-1.0498054027557373,0.20959104597568512
2023-05-06 02:15:00,12147,101.0,555.0,-0.8152550458908081,0.049146868288517,-0.9447635412216187,0.05613274127244949,7.731748104095459,1.3093026876449585,0.0,13.6,-2.2018661499023438,0.0894283875823021,-0.94219970703125,0.16618898510932922
2023-05-06 02:16:00,12148,101.0,555.0,-0.8224664330482483,0.0504024438560009,-0.9368935823440552,0.08282510191202164,5.1204328536987305,4.622684001922607,0.0,13.59,-2.097917079925537,0.14184127748012543,-0.8969043493270874,0.20110568404197693
2023-05-06 02:17:00,12149,101.0,555.0,-0.8106738328933716,0.035961005836725235,-0.9054054021835327,0.08194573223590851,5.279367923736572,6.487150192260742,0.0,13.6,-1.965216875076294,0.1241932213306427,-0.8357557654380798,0.1931036114692688
2023-05-06 02:18:00,12150,101.0,555.0,-0.8755594491958618,0.04299582168459892,-0.9014741778373718,0.09195377677679062,6.755307197570801,3.907884120941162,0.0,13.6,-1.9464284181594849,0.09892215579748154,-0.9931738972663879,0.16036002337932587
2023-05-06 02:19:00,12151,101.0,555.0,-0.954205334186554,0.06455886363983154,-0.9926746487617493,0.07472307235002518,-0.12488790601491928,4.838473320007324,0.0,13.6,-2.2173867225646973,0.11763979494571686,-0.8923868536949158,0.1243450865149498
2023-05-06 02:20:00,12152,101.0,555.0,-1.072832465171814,0.0673823356628418,-1.1901675462722778,0.12518326938152313,8.129049301147461,4.081297874450684,0.0,13.6,-2.34458327293396,0.09436247497797012,-1.3204694986343384,0.17604205012321472
2023-05-06 02:21:00,12153,101.0,555.0,-1.1934186220169067,0.05644940584897995,-1.401430606842041,0.082007497549057,-0.21571531891822815,2.6948282718658447,0.0,13.59,-2.444115161895752,0.12124615162611008,-1.40200674533844,0.15933969616889954
2023-05-06 02:22:00,12154,101.0,555.0,-1.201276421546936,0.060673121362924576,-1.346311092376709,0.08913265913724899,3.3606061935424805,4.689709663391113,0.0,13.6,-2.7227959632873535,0.10133586823940277,-1.4518276453018188,0.2141418159008026
2023-05-06 02:23:00,12155,101.0,555.0,-1.222900629043579,0.0474577359855175,-1.400107979774475,0.05855127051472664,-2.6680853366851807,5.105771064758301,0.0,13.6,-2.835594415664673,0.1069028303027153,-1.2785568237304688,0.10990859568119049
2023-05-06 02:24:00,12156,101.0,555.0,-1.235349416732788,0.06061619147658348,-1.4224114418029785,0.0842665508389473,5.560434341430664,5.577417373657227,0.0,13.6,-2.7780792713165283,0.11774838715791702,-1.4722050428390503,0.15919098258018494
2023-05-06 02:25:00,12157,101.0,555.0,-1.2169952392578125,0.05894993618130684,-1.5477203130722046,0.04793906956911087,-2.0096025466918945,3.1277501583099365,0.0,13.6,-2.7924468517303467,0.09328487515449524,-1.2570325136184692,0.14007870852947235
2023-05-06 02:26:00,12158,101.0,555.0,-1.2242026329040527,0.06597963720560074,-1.4184684753417969,0.11133459210395813,1.146721363067627,5.619543552398682,0.0,13.59,-2.7957611083984375,0.11522796750068665,-1.3351706266403198,0.16402700543403625
2023-05-06 02:27:00,12159,101.0,555.0,-1.2012795209884644,0.05047142878174782,-1.4355438947677612,0.07622049748897552,4.9049248695373535,5.69395637512207,0.0,13.6,-2.635434627532959,0.11813811957836151,-1.464288592338562,0.09801623970270157
2023-05-06 02:28:00,12160,101.0,555.0,-1.148194432258606,0.06493111699819565,-1.2577402591705322,0.05813341587781906,5.302289962768555,2.8145532608032227,0.0,13.6,-2.7272250652313232,0.09592922776937485,-1.3714250326156616,0.20961269736289978
2023-05-06 02:29:00,12161,101.0,555.0,-1.0649611949920654,0.05620455741882324,-1.2288693189620972,0.060171619057655334,3.7581264972686768,3.5057320594787598,0.0,13.6,-2.7415964603424072,0.09500047564506531,-1.104158878326416,0.10716667771339417
2023-05-06 02:30:00,12162,101.0,555.0,-1.0760992765426636,0.055127982050180435,-1.2144317626953125,0.09744348376989365,-2.1686155796051025,3.8305139541625977,0.0,13.6,-2.5790178775787354,0.10384233295917511,-1.14605712890625,0.15267722308635712
2023-05-06 02:31:00,12163,101.0,555.0,-1.061023473739624,0.04895041137933731,-1.2203336954116821,0.09425851702690125,5.041236400604248,5.705428123474121,0.0,13.59,-2.498279094696045,0.11223344504833221,-1.2717578411102295,0.17809247970581055
2023-05-06 02:32:00,12164,101.0,555.0,-1.0761082172393799,0.05274007469415665,-1.2997347116470337,0.07276041060686111,2.3956780433654785,7.42883825302124,0.0,13.6,-2.4009833335876465,0.08777113258838654,-1.3295283317565918,0.15413768589496613
2023-05-06 02:33:00,12165,101.0,555.0,-1.0341674089431763,0.05756816640496254,-1.3240139484405518,0.05080457776784897,8.29975700378418,4.0541582107543945,0.0,13.6,-2.290395498275757,0.10456247627735138,-1.3510479927062988,0.11577343195676804
2023-05-06 02:34:00,12166,101.0,555.0,-0.9542100429534912,0.05826478824019432,-1.1258679628372192,0.11922984570264816,7.641395092010498,3.6349668502807617,0.0,13.6,-2.2726941108703613,0.08871632069349289,-1.259313702583313,0.12496300786733627
2023-05-06 02:35:00,12167,101.0,555.0,-0.8801528215408325,0.05657104775309563,-1.0707542896270752,0.11673489958047867,7.3575310707092285,6.450685024261475,0.0,13.6,-2.1267082691192627,0.10166770964860916,-1.0305525064468384,0.2087578922510147
2023-05-06 02:36:00,12168,101.0,555.0,-0.8375520706176758,0.05191854014992714,-1.0760000944137573,0.06918642669916153,-2.28216290473938,2.8683066368103027,0.0,13.59,-1.9154703617095947,0.11134243756532669,-0.8017902374267578,0.20489922165870667
2023-05-06 02:37:00,12169,101.0,555.0,-0.7530097365379333,0.04642898589372635,-0.8680164813995361,0.06485439836978912,0.022706175222992897,5.691450595855713,0.0,13.6,-1.971871018409729,0.08910141885280609,-0.6998670697212219,0.11591102182865143
2023-05-06 02:38:00,12170,101.0,555.0,-0.7281056046485901,0.05629618838429451,-0.8640794157981873,0.06364815682172775,7.800127983093262,3.9963624477386475,0.0,13.6,-1.812616229057312,0.11838594824075699,-0.7814044952392578,0.16987057030200958
2023-05-06 02:39:00,12171,101.0,555.0,-0.7399003505706787,0.05765300989151001,-0.8706383109092712,0.0967177301645279,4.076023578643799,5.787765979766846,0.0,13.6,-1.6832187175750732,0.11554727703332901,-0.8538807034492493,0.1786431223154068
2023-05-06 02:40:00,12172,101.0,555.0,-0.6907483339309692,0.05341879278421402,-0.8660455942153931,0.0906267836689949,-0.7266311645507812,4.020344257354736,0.0,13.6,-1.6478286981582642,0.11941924691200256,-0.6908052563667297,0.18449163436889648
2023-05-06 02:41:00,12173,101.0,555.0,-0.6606025695800781,0.05362749099731445,-0.8319294452667236,0.06985495239496231,8.776700019836426,2.844665765762329,0.0,13.59,-1.627923846244812,0.07894798368215561,-0.8482191562652588,0.1344684660434723
2023-05-06 02:42:00,12174,101.0,555.0,-0.6927182674407959,0.058363717049360275,-0.7919113039970398,0.059742074459791183,6.89188814163208,3.7665810585021973,0.0,13.6,-1.6754863262176514,0.08360647410154343,-0.9014489054679871,0.15537405014038086
2023-05-06 02:43:00,12175,101.0,555.0,-0.6789602637290955,0.051202576607465744,-0.7637041807174683,0.06191056966781616,6.812353610992432,4.8681721687316895,0.0,13.6,-1.7440658807754517,0.093129001557827,-0.5956853032112122,0.21356815099716187
2023-05-06 02:44:00,12176,101.0,555.0,-0.6540645956993103,0.06257503479719162,-0.8673793077468872,0.07639025896787643,-2.009638786315918,4.082525253295898,0.0,13.6,-1.5770885944366455,0.10517286509275436,-0.38278481364250183,0.22806954383850098
2023-05-06 02:45:00,12177,101.0,555.0,-0.6167119741439819,0.05629781261086464,-0.7656868696212769,0.09437807649374008,4.110075950622559,7.118715286254883,0.0,13.6,-1.6489861011505127,0.08970551937818527,-0.3590034246444702,0.18899907171726227
2023-05-06 02:46:00,12178,101.0,555.0,-0.6206461787223816,0.05792252719402313,-0.7906216382980347,0.0489017553627491,7.39126443862915,1.4601284265518188,0.0,13.58,-1.6578388214111328,0.11003676801919937,-0.3454144299030304,0.2457173466682434
2023-05-06 02:47:00,12179,101.0,555.0,-0.7209176421165466,0.05404255911707878,-0.9001907706260681,0.11075598746538162,10.422761917114258,3.540414571762085,0.0,13.6,-1.7352519035339355,0.1061893031001091,-0.6421295404434204,0.11056308448314667
2023-05-06 02:48:00,12180,101.0,555.0,-0.7589215040206909,0.05711901932954788,-0.8719684481620789,0.07144960761070251,5.688360691070557,3.2500851154327393,0.0,13.6,-1.9210323095321655,0.12080173939466476,-0.6092802286148071,0.2166464626789093
2023-05-06 02:49:00,12181,101.0,555.0,-0.8251160979270935,0.04028787836432457,-0.9566091299057007,0.12118930369615555,8.526790618896484,4.387621879577637,0.0,13.6,-1.9896060228347778,0.09953025728464127,-0.8606952428817749,0.1287258118391037
2023-05-06 02:50:00,12182,101.0,555.0,-0.8487119674682617,0.040796831250190735,-1.1212958097457886,0.09048403799533844,-2.1685895919799805,5.802473545074463,0.0,13.6,-2.104630708694458,0.11175607889890671,-0.6523182392120361,0.19066354632377625
2023-05-06 02:51:00,12183,101.0,555.0,-0.8808204531669617,0.04608063027262688,-1.2872848510742188,0.09862399846315384,-0.23844057321548462,4.3027729988098145,0.0,13.59,-2.2638754844665527,0.09073097258806229,-0.5832327604293823,0.13941599428653717
2023-05-06 02:52:00,12184,101.0,555.0,-0.9679831266403198,0.05924135074019432,-1.3161511421203613,0.0929822251200676,3.383420705795288,4.656924724578857,0.0,13.6,-2.399902582168579,0.10503573715686798,-0.8606913089752197,0.2129560261964798
2023-05-06 02:53:00,12185,101.0,555.0,-1.02236008644104,0.07106944918632507,-1.3482755422592163,0.08732475340366364,-2.3842709064483643,4.120304584503174,0.0,13.6,-2.57680606842041,0.09779776632785797,-0.8368934988975525,0.23942787945270538
2023-05-06 02:54:00,12186,101.0,555.0,-1.0302268266677856,0.05116744339466095,-1.3200664520263672,0.09492925554513931,2.4410324096679688,6.51066255569458,0.0,13.6,-2.628791332244873,0.0882774144411087,-1.0180913209915161,0.19198541343212128
2023-05-06 02:55:00,12187,101.0,555.0,-0.9719064831733704,0.056113194674253464,-1.322700023651123,0.05576474964618683,4.904755592346191,5.248459339141846,0.0,13.6,-2.740508794784546,0.10372234135866165,-0.8153842687606812,0.117034912109375
2023-05-06 02:56:00,12188,101.0,555.0,-1.0269547700881958,0.05611233040690422,-1.472943902015686,0.08482382446527481,-3.076819658279419,3.7114131450653076,0.0,13.59,-2.7338669300079346,0.08634666353464127,-0.8606813549995422,0.14660987257957458
2023-05-06 02:57:00,12189,101.0,555.0,-1.0223653316497803,0.048691269010305405,-1.4060190916061401,0.11205849796533585,-0.36331334710121155,4.854433059692383,0.0,13.6,-2.7969000339508057,0.10267305374145508,-0.9048462510108948,0.12681174278259277
2023-05-06 02:58:00,12190,101.0,555.0,-1.0544785261154175,0.05809861049056053,-1.3679660558700562,0.08583371341228485,3.2698135375976562,6.380387306213379,0.0,13.6,-2.806854486465454,0.10157741606235504,-1.138136386871338,0.14286690950393677
2023-05-06 02:59:00,12191,101.0,555.0,-1.1363989114761353,0.0632823184132576,-1.4749102592468262,0.10176107287406921,2.6340105533599854,5.3138251304626465,0.0,13.6,-2.816807746887207,0.11896326392889023,-1.4642889499664307,0.23811861872673035
2023-05-06 03:00:00,12192,101.0,555.0,-1.2111090421676636,0.07171950489282608,-1.578572154045105,0.10628791153430939,0.5109057426452637,5.325668811798096,0.0,13.6,-2.939563274383545,0.11384104192256927,-1.4869369268417358,0.1930226981639862
2023-05-06 03:01:00,12193,101.0,555.0,-1.27206289768219,0.055992089211940765,-1.5759541988372803,0.07113771885633469,3.1562609672546387,4.458253860473633,0.0,13.59,-3.1530210971832275,0.11202520877122879,-1.5095921754837036,0.165551096200943
2023-05-06 03:02:00,12194,101.0,555.0,-1.3146722316741943,0.05293510481715202,-1.7216225862503052,0.10608650743961334,1.0331623554229736,6.330075263977051,0.0,13.6,-3.1652116775512695,0.1231328547000885,-1.6545631885528564,0.19171832501888275
2023-05-06 03:03:00,12195,101.0,555.0,-1.3323650360107422,0.048740386962890625,-1.757705569267273,0.09850021451711655,-6.698648452758789,2.3339693546295166,0.0,13.6,-3.21055006980896,0.08744040131568909,-1.458640456199646,0.07988645881414413
2023-05-06 03:04:00,12196,101.0,555.0,-1.348747730255127,0.052413053810596466,-1.6691296100616455,0.07813981175422668,-6.846337795257568,1.2587358951568604,0.0,13.6,-3.2293474674224854,0.08537981659173965,-1.50393807888031,0.10265075415372849
2023-05-06 03:05:00,12197,101.0,555.0,-1.3756295442581177,0.05299748107790947,-1.7157272100448608,0.10471834242343903,1.2262004613876343,6.158439636230469,0.0,13.6,-3.1939845085144043,0.11200332641601562,-1.6692954301834106,0.1982506662607193
2023-05-06 03:06:00,12198,101.0,555.0,-1.4149532318115234,0.0529961921274662,-1.8023356199264526,0.06630010157823563,4.6550612449646,5.833916664123535,0.0,13.6,-3.2127885818481445,0.09863997995853424,-1.9082527160644531,0.2393687218427658
2023-05-06 03:07:00,12199,101.0,555.0,-1.440509557723999,0.054659828543663025,-1.7708381414413452,0.11169085651636124,7.414167881011963,5.372869968414307,0.0,13.6,-3.322269916534424,0.07744799554347992,-2.0690619945526123,0.1605224609375
2023-05-06 03:08:00,12200,101.0,555.0,-1.4614793062210083,0.06306492537260056,-1.7550891637802124,0.10667716711759567,1.294392466545105,5.036447525024414,0.0,13.6,-3.428436279296875,0.09817347675561905,-2.0883114337921143,0.251462459564209
2023-05-06 03:09:00,12201,101.0,555.0,-1.4254308938980103,0.0644632875919342,-1.7924836874008179,0.1130637675523758,2.759084463119507,5.1485137939453125,0.0,13.6,-3.437276601791382,0.09975595027208328,-2.114354372024536,0.24376383423805237
2023-05-06 03:10:00,12202,101.0,555.0,-1.3323746919631958,0.06737983971834183,-1.796428918838501,0.11249043047428131,2.304898500442505,6.530858993530273,0.0,13.6,-3.322274923324585,0.09452061355113983,-2.022632360458374,0.17691177129745483
2023-05-06 03:11:00,12203,101.0,555.0,-1.1967154741287231,0.062326181679964066,-1.6730844974517822,0.10126250237226486,2.4297707080841064,6.299656391143799,0.0,13.59,-3.1265294551849365,0.13711588084697723,-1.8357758522033691,0.18169060349464417
2023-05-06 03:12:00,12204,101.0,555.0,-1.0210795402526855,0.05962107703089714,-1.490692138671875,0.1492936909198761,0.2611464560031891,6.454709529876709,0.0,13.6,-2.8777031898498535,0.11491264402866364,-1.4133613109588623,0.12142594158649445
2023-05-06 03:13:00,12205,101.0,555.0,-0.9050741195678711,0.0740894079208374,-1.2525174617767334,0.0872873067855835,4.973180294036865,4.247727394104004,0.0,13.6,-2.5005621910095215,0.17991088330745697,-1.5571835041046143,0.18371932208538055
2023-05-06 03:14:00,12206,101.0,555.0,-0.7654653787612915,0.07511285692453384,-1.1717952489852905,0.055841799825429916,1.2035353183746338,2.4918062686920166,0.0,13.6,-2.07694411277771,0.08592188358306885,-1.192497730255127,0.23256058990955353
2023-05-06 03:15:00,12207,101.0,555.0,-0.6396382451057434,0.04754866659641266,-0.9270740151405334,0.08517013490200043,5.779171466827393,6.177024841308594,0.0,13.6,-1.8988968133926392,0.15565568208694458,-1.043015956878662,0.18309596180915833
2023-05-06 03:16:00,12208,101.0,555.0,-0.6009747385978699,0.05836479365825653,-0.7630519866943359,0.10830927640199661,7.266526699066162,3.1554996967315674,0.0,13.59,-1.6854597330093384,0.08668800443410873,-1.1075726747512817,0.14215311408042908
2023-05-06 03:17:00,12209,101.0,555.0,-0.5708255767822266,0.06070220097899437,-0.7053120136260986,0.055342283099889755,8.174787521362305,2.903610944747925,0.0,13.6,-1.5980843305587769,0.09008518606424332,-0.9365638494491577,0.21129639446735382
2023-05-06 03:18:00,12210,101.0,555.0,-0.5472316145896912,0.0514160580933094,-0.7715775966644287,0.06436503678560257,0.1589534729719162,5.237595558166504,0.0,13.6,-1.5173487663269043,0.15910157561302185,-0.7474380135536194,0.15643014013767242
2023-05-06 03:19:00,12211,101.0,555.0,-0.49348798394203186,0.0576234795153141,-0.7381109595298767,0.07137618213891983,1.1581188440322876,5.944566249847412,0.0,13.6,-1.3768845796585083,0.06919809430837631,-0.722518265247345,0.20794391632080078
2023-05-06 03:20:00,12212,101.0,555.0,-0.35389405488967896,0.06885997205972672,-0.499944806098938,0.0726948156952858,2.1686017513275146,7.071471214294434,0.0,13.6,-1.3591829538345337,0.09186387807130814,-0.532258927822113,0.17768914997577667
2023-05-06 03:21:00,12213,101.0,555.0,-0.22347427904605865,0.06866803765296936,-0.49731314182281494,0.05881399288773537,4.575640678405762,6.740564823150635,0.0,13.59,-1.0826857089996338,0.10098963230848312,-0.42466938495635986,0.21793444454669952
2023-05-06 03:22:00,12214,101.0,555.0,-0.09371498227119446,0.07182285189628601,-0.2788363993167877,0.1591397374868393,1.8961697816848755,5.450131416320801,0.0,13.6,-0.8438087701797485,0.12940120697021484,-0.2808477580547333,0.14277857542037964
2023-05-06 03:23:00,12215,101.0,555.0,0.1094432845711708,0.07324385643005371,-0.05379898101091385,0.09721580147743225,2.3730292320251465,6.083768844604492,0.0,13.6,-0.620414674282074,0.1364307403564453,0.03963576257228851,0.2576294243335724
2023-05-06 03:24:00,12216,101.0,555.0,0.27655312418937683,0.07177616655826569,0.14696042239665985,0.13519592583179474,3.417569637298584,5.9694600105285645,0.0,13.6,-0.2510380148887634,0.13817517459392548,0.2310163974761963,0.21096116304397583
2023-05-06 03:25:00,12217,101.0,555.0,0.49150314927101135,0.06941630691289902,0.3634648025035858,0.12288735061883926,2.5432968139648438,6.052276134490967,0.0,13.6,0.11501247435808182,0.1880141794681549,0.4631640613079071,0.20174750685691833
2023-05-06 03:26:00,12218,101.0,555.0,0.7280799746513367,0.0937361791729927,0.6245821118354797,0.1231183111667633,4.371245861053467,5.319061756134033,0.0,13.59,0.5385679602622986,0.17007336020469666,0.688517689704895,0.2358502596616745
2023-05-06 03:27:00,12219,101.0,555.0,0.9410697817802429,0.09133979678153992,0.8483081459999084,0.12142549455165863,1.544113039970398,5.333455562591553,0.0,13.6,0.9997293949127197,0.18126249313354492,0.9750275015830994,0.18308807909488678
2023-05-06 03:28:00,12220,101.0,555.0,1.1521003246307373,0.08830422908067703,1.1140294075012207,0.16075514256954193,4.439324378967285,5.821053981781006,0.0,13.6,1.4631130695343018,0.13993529975414276,1.1279175281524658,0.17242974042892456
2023-05-06 03:29:00,12221,101.0,555.0,1.4352108240127563,0.09618235379457474,1.3961457014083862,0.1555570662021637,0.8174603581428528,6.135792255401611,0.0,13.6,1.9110052585601807,0.17796531319618225,1.4789764881134033,0.18746712803840637
2023-05-06 03:30:00,12222,101.0,555.0,1.6901413202285767,0.10440202057361603,1.6789181232452393,0.15106886625289917,1.4078563451766968,6.271754741668701,0.0,13.6,2.4562172889709473,0.17534451186656952,1.687347173690796,0.20578168332576752
2023-05-06 03:31:00,12223,101.0,555.0,1.9725526571273804,0.09634910523891449,2.030534267425537,0.13678927719593048,2.645451784133911,6.291870594024658,0.0,13.59,2.931692361831665,0.18824537098407745,1.9353100061416626,0.23486800491809845
2023-05-06 03:32:00,12224,101.0,555.0,2.239919900894165,0.10476065427064896,2.3474066257476807,0.15379847586154938,3.383472442626953,6.302834987640381,0.0,13.6,3.4757726192474365,0.14541371166706085,2.157257080078125,0.2322821319103241
2023-05-06 03:33:00,12225,101.0,555.0,2.501384735107422,0.11949802190065384,2.6590254306793213,0.14488612115383148,2.4525163173675537,5.176638603210449,0.0,13.6,3.9534928798675537,0.15193170309066772,2.4539389610290527,0.23896603286266327
2023-05-06 03:34:00,12226,101.0,555.0,2.787114143371582,0.08707131445407867,2.8899667263031006,0.1561925858259201,1.9756168127059937,4.293662071228027,0.0,13.6,4.5750041007995605,0.19885650277137756,2.641925573348999,0.2019694745540619
2023-05-06 03:35:00,12227,101.0,555.0,3.051877498626709,0.06220816448330879,3.190455675125122,0.09017287939786911,0.01135404221713543,4.493956089019775,0.0,13.6,5.042806625366211,0.21973338723182678,2.832181453704834,0.18545080721378326
2023-05-06 03:36:00,12228,101.0,555.0,3.2963247299194336,0.08884883671998978,3.467324733734131,0.09378752112388611,4.155623435974121,5.7047905921936035,0.0,13.59,5.334771633148193,0.13555295765399933,3.1175596714019775,0.24375437200069427
2023-05-06 03:37:00,12229,101.0,555.0,3.4916181564331055,0.09652780741453171,3.6451239585876465,0.16296963393688202,2.6341965198516846,5.071393966674805,0.0,13.6,5.819155216217041,0.15575288236141205,3.229673147201538,0.17781582474708557
2023-05-06 03:38:00,12230,101.0,555.0,3.7905149459838867,0.10383941233158112,3.9450151920318604,0.10590044409036636,-0.20438872277736664,4.49033784866333,0.0,13.61,6.324651718139648,0.2463555783033371,3.596639394760132,0.13581767678260803
2023-05-06 03:39:00,12231,101.0,555.0,4.214529037475586,0.1470373570919037,4.363601207733154,0.1426275223493576,6.812709331512451,2.8254196643829346,0.0,13.6,6.8731889724731445,0.13120406866073608,3.8503124713897705,0.24831441044807434
2023-05-06 03:40:00,12232,101.0,555.0,4.646407127380371,0.12037701159715652,4.664748191833496,0.10125802457332611,1.3739112615585327,4.957427978515625,0.0,13.6,7.454902648925781,0.2754102051258087,4.374639987945557,0.174598827958107
2023-05-06 03:41:00,12233,101.0,555.0,5.050755500793457,0.1402052938938141,5.040682315826416,0.15082857012748718,2.055138349533081,4.377255916595459,0.0,13.59,8.2146577835083,0.16821293532848358,4.379168510437012,0.1438291370868683
2023-05-06 03:42:00,12234,101.0,555.0,5.532433986663818,0.14891797304153442,5.387093544006348,0.08157350867986679,0.5790730714797974,3.9914944171905518,0.0,13.61,8.780879020690918,0.26449379324913025,5.025794506072998,0.2294035106897354
2023-05-06 03:43:00,12235,101.0,555.0,5.974848747253418,0.17855262756347656,5.961877822875977,0.2027229368686676,1.8734328746795654,5.405290126800537,0.0,13.61,9.5761137008667,0.2505229115486145,5.332737445831299,0.268807977437973
2023-05-06 03:44:00,12236,101.0,555.0,6.497186183929443,0.17054840922355652,6.517606258392334,0.24131657183170319,4.3599982261657715,4.467599391937256,0.0,13.61,10.487421989440918,0.23814766108989716,5.701936721801758,0.2073206603527069
2023-05-06 03:45:00,12237,101.0,555.0,6.95451545715332,0.11384149640798569,6.922962665557861,0.12290957570075989,0.9196733236312866,4.886953830718994,0.0,13.61,11.286824226379395,0.2881375849246979,6.213712215423584,0.15465618669986725
2023-05-06 03:46:00,12238,101.0,555.0,7.360170364379883,0.14312392473220825,7.327760696411133,0.15276433527469635,4.961718559265137,3.970526695251465,0.0,13.59,12.053208351135254,0.2262553721666336,6.417548656463623,0.20624788105487823
2023-05-06 03:47:00,12239,101.0,555.0,7.866087436676025,0.162824809551239,7.804722309112549,0.19013181328773499,-3.8263802528381348,3.265031099319458,0.0,13.61,12.74548625946045,0.2660486102104187,7.1490983963012695,0.21237726509571075
2023-05-06 03:48:00,12240,101.0,555.0,8.379287719726562,0.151611790060997,8.315217971801758,0.18248772621154785,-0.7720803618431091,3.142831563949585,0.0,13.61,13.683398246765137,0.31251227855682373,7.55230712890625,0.1831214427947998
2023-05-06 03:49:00,12241,101.0,555.0,8.924596786499023,0.17199236154556274,8.982516288757324,0.198978990316391,9.367416381835938,2.7913239002227783,0.0,13.61,14.74074649810791,0.27057427167892456,7.8535919189453125,0.17817769944667816
2023-05-06 03:50:00,12242,101.0,555.0,9.427907943725586,0.13283470273017883,9.632044792175293,0.20143014192581177,1.9302538633346558,5.484359264373779,0.0,13.61,15.726116180419922,0.3057611584663391,8.376788139343262,0.19020910561084747
2023-05-06 03:51:00,12243,101.0,555.0,9.877470970153809,0.1402563750743866,10.156249046325684,0.15546511113643646,1.7258880138397217,4.389618873596191,0.0,13.6,16.59977149963379,0.2056371420621872,9.001893997192383,0.23908750712871552
2023-05-06 03:52:00,12244,101.0,555.0,10.256117820739746,0.11331942677497864,10.574681282043457,0.1371128261089325,1.4647107124328613,4.904486656188965,0.0,13.61,17.31173324584961,0.24759291112422943,9.591765403747559,0.27688074111938477
2023-05-06 03:53:00,12245,101.0,555.0,10.628355026245117,0.11538033932447433,11.188119888305664,0.20176346600055695,1.1127656698226929,6.614345073699951,0.0,13.61,18.211938858032227,0.2539677023887634,10.015300750732422,0.33245405554771423
2023-05-06 03:54:00,12246,101.0,555.0,10.982245445251465,0.13320738077163696,11.505667686462402,0.16717910766601562,1.2716636657714844,4.941543102264404,0.0,13.61,19.04690170288086,0.19736818969249725,10.438838958740234,0.1745428442955017
2023-05-06 03:55:00,12247,101.0,555.0,11.541147232055664,0.16069716215133667,12.00680160522461,0.15961292386054993,2.497889757156372,5.676110744476318,0.0,13.61,19.67044448852539,0.26678794622421265,10.750161170959473,0.24309055507183075
2023-05-06 03:56:00,12248,101.0,555.0,12.104663848876953,0.1790139377117157,12.507309913635254,0.16068214178085327,-3.1109890937805176,2.877824306488037,0.0,13.6,20.647926330566406,0.3423222601413727,11.287996292114258,0.17387785017490387
2023-05-06 03:57:00,12249,101.0,555.0,12.650896072387695,0.16765934228897095,13.197848320007324,0.1784479022026062,2.8498213291168213,4.957093238830566,0.0,13.61,21.71126365661621,0.33225831389427185,11.535174369812012,0.2251945286989212
2023-05-06 03:58:00,12250,101.0,555.0,13.237506866455078,0.18967312574386597,13.928149223327637,0.1475755125284195,1.3283843994140625,5.444787502288818,0.0,13.61,22.65694236755371,0.3005869686603546,12.025592803955078,0.30044281482696533
2023-05-06 03:59:00,12251,101.0,555.0,13.842523574829102,0.15971983969211578,14.565999031066895,0.14807873964309692,6.744349479675293,4.613241672515869,0.0,13.61,23.669065475463867,0.3635053038597107,12.322406768798828,0.17884060740470886
2023-05-06 04:00:00,12252,101.0,555.0,14.419204711914062,0.16038265824317932,15.231245040893555,0.2176494151353836,9.548882484436035,3.416447401046753,0.0,13.61,24.743967056274414,0.3455183804035187,12.654190063476562,0.16704311966896057
2023-05-06 04:01:00,12253,101.0,555.0,15.081717491149902,0.2193349301815033,15.861695289611816,0.22771617770195007,0.7720956802368164,4.684491157531738,0.0,13.6,25.938274383544922,0.39325422048568726,13.329092025756836,0.3244858980178833
2023-05-06 04:02:00,12254,101.0,555.0,15.833524703979492,0.2110409140586853,16.759347915649414,0.22618477046489716,3.826449394226074,4.63745641708374,0.0,13.61,27.44363021850586,0.5216526389122009,13.726683616638184,0.1838170886039734
2023-05-06 04:03:00,12255,101.0,555.0,16.682931900024414,0.2346016764640808,17.624799728393555,0.2907126545906067,2.3276784420013428,5.951279163360596,0.0,13.61,28.92567253112793,0.44911620020866394,14.470767974853516,0.3138325810432434
2023-05-06 04:04:00,12256,101.0,555.0,17.49396514892578,0.23278093338012695,18.59943962097168,0.2847840189933777,8.890417098999023,2.432335615158081,0.0,13.61,30.474552154541016,0.43906325101852417,15.046935081481934,0.263839989900589
2023-05-06 04:05:00,12257,101.0,555.0,18.36882972717285,0.3268356919288635,19.544830322265625,0.2720077335834503,5.086719989776611,6.023735523223877,0.0,13.61,32.151065826416016,0.5723875761032104,15.570103645324707,0.37355974316596985
2023-05-06 04:06:00,12258,101.0,555.0,19.516313552856445,0.31363794207572937,20.65751838684082,0.3054599165916443,3.519888162612915,5.58220100402832,0.0,13.6,34.11510467529297,0.619206428527832,16.495290756225586,0.3084844946861267
2023-05-06 04:07:00,12259,101.0,555.0,20.3828182220459,0.20455722510814667,21.761852264404297,0.28111597895622253,-3.224674940109253,3.8515894412994385,0.0,13.61,35.972164154052734,0.5277377367019653,17.330018997192383,0.23917178809642792
2023-05-06 04:08:00,12260,101.0,555.0,21.314889907836914,0.36393603682518005,22.818328857421875,0.31061702966690063,1.9984153509140015,3.086789846420288,0.0,13.61,37.9122200012207,0.5168103575706482,17.823904037475586,0.3683199882507324
2023-05-06 04:09:00,12261,101.0,555.0,22.407087326049805,0.3092140257358551,24.02064323425293,0.3036726415157318,6.211054801940918,6.002902030944824,0.0,13.61,39.594932556152344,0.522267758846283,18.67188262939453,0.2422930747270584
2023-05-06 04:10:00,12262,101.0,555.0,23.441125869750977,0.3524887263774872,25.09454345703125,0.39694908261299133,2.2936606407165527,6.159220218658447,0.0,13.61,41.554420471191406,0.5828400254249573,19.37051773071289,0.2220146805047989
2023-05-06 04:11:00,12263,101.0,555.0,24.62497901916504,0.35993748903274536,26.4752140045166,0.41450393199920654,8.357173919677734,5.418824195861816,0.0,13.6,43.95912170410156,0.7562054991722107,20.10065269470215,0.42778342962265015
2023-05-06 04:12:00,12264,101.0,555.0,26.037349700927734,0.44809645414352417,28.204097747802734,0.6475255489349365,12.27447509765625,5.241082668304443,0.0,13.61,46.74175262451172,0.8600050210952759,20.91949462890625,0.19892944395542145
2023-05-06 04:13:00,12265,101.0,555.0,27.598705291748047,0.429186075925827,30.158912658691406,0.5249238610267639,14.919875144958496,6.737027645111084,0.0,13.61,50.03349685668945,0.9511299133300781,21.62299919128418,0.421301931142807
2023-05-06 04:14:00,12266,101.0,555.0,28.71673011779785,0.22167754173278809,31.711210250854492,0.3406365215778351,13.54576301574707,7.325809001922607,0.0,13.61,52.475341796875,0.4459703862667084,22.608232498168945,0.21084259450435638
2023-05-06 04:15:00,12267,101.0,555.0,29.119770050048828,0.0920386016368866,32.291847229003906,0.12806078791618347,20.028987884521484,5.307986736297607,0.0,13.61,53.227359771728516,0.12185069173574448,23.15633773803711,0.18011286854743958
2023-05-06 04:16:00,12268,101.0,555.0,29.544795989990234,0.16095790266990662,32.53433609008789,0.11780457943677902,11.84239673614502,6.348360061645508,0.0,13.6,53.86833953857422,0.22897601127624512,23.976524353027344,0.3698752522468567
2023-05-06 04:17:00,12269,101.0,555.0,30.006254196166992,0.15641264617443085,32.93727493286133,0.15486210584640503,16.645092010498047,7.353400707244873,0.0,13.61,54.580711364746094,0.2151566594839096,24.417123794555664,0.16727791726589203
2023-05-06 04:18:00,12270,101.0,555.0,30.48595428466797,0.10965466499328613,33.30466079711914,0.09118500351905823,15.36188793182373,6.291060924530029,0.0,13.61,55.21436309814453,0.18756422400474548,24.816864013671875,0.19746528565883636
2023-05-06 04:19:00,12271,101.0,555.0,30.834400177001953,0.09097903221845627,33.5603141784668,0.08167053759098053,14.544527053833008,5.469533443450928,0.0,13.61,55.3809928894043,0.10412155836820602,25.368207931518555,0.17127566039562225
2023-05-06 04:20:00,12272,101.0,555.0,30.91067123413086,0.05880220979452133,33.58677673339844,0.1085432767868042,12.728063583374023,6.734288692474365,0.0,13.61,55.53619384765625,0.08981674164533615,25.568317413330078,0.1946881115436554
2023-05-06 04:21:00,12273,101.0,555.0,31.01547622680664,0.06423306465148926,33.676605224609375,0.12414892762899399,11.933136940002441,5.65947961807251,0.0,13.6,55.68319320678711,0.1093331053853035,25.867244720458984,0.16519546508789062
2023-05-06 04:22:00,12274,101.0,555.0,31.244813919067383,0.11666430532932281,33.9593391418457,0.07921753823757172,11.887666702270508,4.6311492919921875,0.0,13.61,55.914268493652344,0.12570330500602722,26.146930694580078,0.2750203311443329
2023-05-06 04:23:00,12275,101.0,555.0,31.651159286499023,0.16444353759288788,34.17724609375,0.20239567756652832,11.55863094329834,5.7618489265441895,0.0,13.61,56.55249786376953,0.20513780415058136,26.444204330444336,0.18497617542743683
2023-05-06 04:24:00,12276,101.0,555.0,32.03468322753906,0.07412146031856537,34.56121063232422,0.11446503549814224,11.547347068786621,7.038741588592529,0.0,13.61,57.21519470214844,0.21832701563835144,26.70025634765625,0.16800381243228912
2023-05-06 04:25:00,12277,101.0,555.0,32.23609924316406,0.07890549302101135,34.85472106933594,0.07780846208333969,8.754292488098145,5.085725784301758,0.0,13.61,57.58828353881836,0.1723841279745102,26.925800323486328,0.20454946160316467
2023-05-06 04:26:00,12278,101.0,555.0,32.79434585571289,0.3080703914165497,35.31123352050781,0.27079492807388306,9.719311714172363,4.576508522033691,0.0,13.6,58.295860290527344,0.3738642632961273,27.352642059326172,0.22095395624637604
2023-05-06 04:27:00,12279,101.0,555.0,33.95021438598633,0.35354405641555786,36.49332046508789,0.42894554138183594,13.125496864318848,5.462602615356445,0.0,13.61,60.372459411621094,0.7989493012428284,27.862098693847656,0.28839269280433655
2023-05-06 04:28:00,12280,101.0,555.0,35.26638412475586,0.4290983974933624,38.45265197753906,0.666707456111908,17.769603729248047,4.783942222595215,0.0,13.61,63.5700798034668,1.068360686302185,28.75579071044922,0.3054214119911194
2023-05-06 04:29:00,12281,101.0,555.0,37.121829986572266,0.5069030523300171,43.47980880737305,2.7626123428344727,29.11277961730957,12.474720001220703,0.0,13.61,71.99748992919922,4.717036724090576,30.214508056640625,0.34971362352371216
2023-05-06 04:30:00,12282,101.0,555.0,41.75736999511719,2.140003204345703,67.89356994628906,13.186853408813477,147.80917358398438,71.06073760986328,37.0,13.61,112.81021118164062,21.896820068359375,33.314212799072266,1.578762412071228
2023-05-06 04:31:00,12283,101.0,555.0,44.146018981933594,2.7382266521453857,82.40767669677734,20.91044807434082,213.18653869628906,113.23666381835938,41.0,13.6,136.5322723388672,34.94734191894531,35.674171447753906,1.6485450267791748
2023-05-06 04:32:00,12284,101.0,555.0,39.69145965576172,0.25956884026527405,44.59897994995117,0.9510468244552612,24.819917678833008,10.351269721984863,0.0,13.61,73.52678680419922,1.520348072052002,31.775623321533203,0.17969675362110138
2023-05-06 04:33:00,12285,101.0,555.0,42.23746871948242,1.749573826789856,56.356689453125,12.217930793762207,78.15109252929688,60.1402473449707,13.0,13.61,92.83486938476562,20.412086486816406,33.27043533325195,1.1414637565612793
2023-05-06 04:34:00,12286,101.0,555.0,46.7403450012207,0.9587550759315491,91.71190643310547,8.2561674118042,251.88328552246094,44.49930191040039,60.0,13.61,151.400634765625,13.683595657348633,35.818424224853516,0.4733329117298126
2023-05-06 04:35:00,12287,101.0,555.0,49.06859588623047,0.39995303750038147,110.43435668945312,4.240350246429443,354.5216064453125,26.190553665161133,60.0,13.61,182.77481079101562,7.087634563446045,37.492530822753906,0.32129475474357605
2023-05-06 04:36:00,12288,101.0,555.0,51.28452682495117,0.5099881291389465,124.20027923583984,3.860175609588623,413.79962158203125,17.791805267333984,60.0,13.6,205.1781768798828,6.197860240936279,39.2140007019043,0.5389063358306885
2023-05-06 04:37:00,12289,101.0,555.0,51.01161193847656,1.6023030281066895,120.02989196777344,13.861398696899414,378.15399169921875,82.30536651611328,60.0,13.61,197.7272491455078,23.489173889160156,39.03888702392578,0.8771400451660156
2023-05-06 04:38:00,12290,101.0,555.0,50.01280212402344,1.144971251487732,109.70626831054688,10.328614234924316,321.6103820800781,48.690208435058594,60.0,13.61,180.2890625,17.213367462158203,37.44435501098633,0.8468435406684875
2023-05-06 04:39:00,12291,101.0,555.0,52.48787307739258,0.47708702087402344,129.16461181640625,4.010581016540527,408.6348571777344,22.6866512298584,60.0,13.61,212.5885467529297,6.7705206871032715,39.41581726074219,0.4387165307998657
2023-05-06 04:40:00,12292,101.0,555.0,53.88431167602539,0.25129368901252747,139.0823211669922,2.578697443008423,449.8211975097656,10.553816795349121,60.0,13.61,229.15008544921875,4.372980117797852,40.86979293823242,0.2482731193304062
2023-05-06 04:41:00,12293,101.0,555.0,54.276771545410156,0.674625813961029,140.36668395996094,6.026517868041992,463.8375244140625,31.16068458557129,60.0,13.6,230.88153076171875,9.90054988861084,40.922950744628906,0.6038045883178711
2023-05-06 04:42:00,12294,101.0,555.0,54.164794921875,1.0337294340133667,137.1278533935547,10.722655296325684,451.5930480957031,55.805213928222656,60.0,13.61,224.92112731933594,18.06416130065918,40.86752700805664,0.8279309868812561
2023-05-06 04:43:00,12295,101.0,555.0,55.406593322753906,1.0464576482772827,146.07720947265625,10.344865798950195,504.6595458984375,57.06545639038086,60.0,13.61,239.9255828857422,17.171857833862305,41.32383728027344,0.7844269275665283
2023-05-06 04:44:00,12296,101.0,555.0,55.14561462402344,1.0646198987960815,145.08334350585938,9.876119613647461,484.6262512207031,50.403446197509766,60.0,13.61,237.75836181640625,16.539518356323242,41.92744445800781,0.6411422491073608
2023-05-06 04:45:00,12297,101.0,555.0,50.31486892700195,1.9216309785842896,95.28153991699219,21.334627151489258,225.15719604492188,106.6951904296875,42.0,13.61,154.9748992919922,35.37318420410156,38.266605377197266,1.2802090644836426
2023-05-06 04:46:00,12298,101.0,555.0,48.13325500488281,1.2177963256835938,70.83893585205078,12.251704216003418,113.173828125,59.72962188720703,28.0,13.6,114.3445816040039,20.17755126953125,35.94449996948242,0.9234551191329956
2023-05-06 04:47:00,12299,101.0,555.0,47.965309143066406,0.48784807324409485,62.092105865478516,4.719149112701416,73.23116302490234,19.974040985107422,0.0,13.61,100.4942855834961,7.911699295043945,35.066078186035156,0.3742526173591614
2023-05-06 04:48:00,12300,101.0,555.0,48.60654830932617,0.3463681638240814,59.663028717041016,2.814699649810791,53.79351806640625,18.564064025878906,0.0,13.61,96.70388793945312,4.518069744110107,35.70726776123047,0.2504197955131531
2023-05-06 04:49:00,12301,101.0,555.0,50.609169006347656,0.46249085664749146,68.80957794189453,3.216783285140991,93.2384033203125,13.782232284545898,0.0,13.61,111.9544448852539,5.402006149291992,37.1787109375,0.43892019987106323
2023-05-06 04:50:00,12302,101.0,555.0,50.55427169799805,0.4920976758003235,63.45933532714844,6.167928695678711,64.50194549560547,27.177339553833008,0.0,13.61,103.09410858154297,10.097559928894043,37.86736297607422,0.3263278305530548
2023-05-06 04:51:00,12303,101.0,555.0,52.56280517578125,1.1503201723098755,78.97869110107422,13.004413604736328,131.08441162109375,57.89812469482422,26.0,13.6,129.28033447265625,21.36224365234375,39.414695739746094,0.9329734444618225
2023-05-06 04:52:00,12304,101.0,555.0,52.15829086303711,0.4983857274055481,70.11852264404297,5.456523418426514,92.00381469726562,26.682960510253906,11.0,13.61,114.620849609375,9.17294692993164,38.60372543334961,0.27909380197525024
2023-05-06 04:53:00,12305,101.0,555.0,60.1409912109375,3.0128064155578613,153.6250457763672,33.389244079589844,467.14361572265625,144.225341796875,60.0,13.61,253.69317626953125,55.350589752197266,44.30440139770508,2.791167974472046
2023-05-06 04:54:00,12306,101.0,555.0,62.119163513183594,1.2674835920333862,172.8227996826172,15.303559303283691,529.6660766601562,67.2529525756836,60.0,13.61,284.9967041015625,25.707271575927734,47.16184616088867,1.038503646850586
2023-05-06 04:55:00,12307,101.0,555.0,61.40169143676758,0.5388419032096863,167.7379608154297,6.677498817443848,496.9279479980469,28.45572853088379,60.0,13.61,275.8209228515625,11.29544734954834,45.863014221191406,0.2717849314212799
2023-05-06 04:56:00,12308,101.0,555.0,63.95123291015625,0.7772974371910095,194.07630920410156,5.811155796051025,604.3980102539062,19.13666534423828,60.0,13.6,319.5627746582031,9.568877220153809,47.34506607055664,0.6170064806938171
2023-05-06 04:57:00,12309,101.0,555.0,65.2430191040039,0.21942444145679474,197.8688201904297,1.462646722793579,604.9677124023438,10.44007682800293,60.0,13.61,325.4562683105469,2.4422683715820312,48.12765884399414,0.1941995918750763
2023-05-06 04:58:00,12310,101.0,555.0,66.62956237792969,0.3198932409286499,207.1108856201172,2.0880229473114014,625.0525512695312,5.036226272583008,60.0,13.61,340.4111633300781,3.4169206619262695,48.71800994873047,0.28734320402145386
2023-05-06 04:59:00,12311,101.0,555.0,66.58202362060547,0.5429153442382812,201.91221618652344,6.13983678817749,591.8822631835938,33.503238677978516,60.0,13.61,331.21356201171875,10.198065757751465,48.294681549072266,0.45506349205970764
2023-05-06 05:00:00,12312,101.0,555.0,65.20085144042969,0.8801825642585754,186.22312927246094,12.67883586883545,520.5845336914062,45.95317077636719,60.0,13.61,304.77423095703125,20.702810287475586,46.48181915283203,0.649957537651062
2023-05-06 05:01:00,12313,101.0,555.0,65.79232788085938,0.49889713525772095,202.57620239257812,8.566692352294922,570.1198120117188,27.33083152770996,60.0,13.6,331.9974060058594,14.384591102600098,47.34227752685547,0.6132522821426392
2023-05-06 05:02:00,12314,101.0,555.0,64.60010528564453,2.0598456859588623,193.287841796875,24.327302932739258,512.8175659179688,92.76022338867188,60.0,13.61,316.6852722167969,40.09429168701172,46.88580322265625,1.4084969758987427
2023-05-06 05:03:00,12315,101.0,555.0,60.60170364379883,1.622931957244873,133.4502716064453,17.07172393798828,304.9591369628906,61.26469421386719,60.0,13.61,217.73887634277344,28.433876037597656,42.170372009277344,1.0029208660125732
2023-05-06 05:04:00,12316,101.0,555.0,67.92910766601562,1.4669829607009888,210.26792907714844,14.042688369750977,555.5723266601562,42.73107147216797,60.0,13.61,344.8157043457031,23.20415496826172,48.35805130004883,1.7608190774917603
2023-05-06 05:05:00,12317,101.0,555.0,69.59151458740234,0.5333825945854187,219.1819610595703,8.032626152038574,566.3505859375,38.21508026123047,60.0,13.61,359.1393737792969,13.40027904510498,50.94214630126953,0.308109313249588
2023-05-06 05:06:00,12318,101.0,555.0,70.4688720703125,0.733077883720398,227.79225158691406,9.166139602661133,586.1470947265625,24.035160064697266,60.0,13.6,373.5336608886719,15.327091217041016,51.812889099121094,0.8969962000846863
2023-05-06 05:07:00,12319,101.0,555.0,67.88274383544922,3.0299556255340576,186.18264770507812,46.5176887512207,428.4005126953125,158.96176147460938,60.0,13.61,303.9565124511719,77.93345642089844,50.34174728393555,2.798760414123535
2023-05-06 05:08:00,12320,101.0,555.0,63.88823318481445,1.55617094039917,135.7530975341797,24.048160552978516,265.56463623046875,77.94902038574219,60.0,13.61,221.19349670410156,40.03271484375,45.725772857666016,1.3881720304489136
2023-05-06 05:09:00,12321,101.0,555.0,68.30513000488281,0.7356359362602234,202.08888244628906,10.728774070739746,478.61761474609375,33.51060485839844,60.0,13.61,331.76898193359375,17.71034812927246,49.98026657104492,1.5372769832611084
2023-05-06 05:10:00,12322,101.0,555.0,66.56414031982422,1.4152483940124512,174.58572387695312,18.379589080810547,394.8731689453125,58.48994445800781,60.0,13.61,285.98956298828125,30.43587303161621,48.94218063354492,0.7639440894126892
2023-05-06 05:11:00,12323,101.0,555.0,73.03260803222656,0.7110379934310913,251.7668914794922,8.986258506774902,621.7551879882812,21.104434967041016,60.0,13.6,413.3088073730469,14.733399391174316,54.97598648071289,1.6288809776306152
2023-05-06 05:12:00,12324,101.0,555.0,73.8662109375,0.09452338516712189,262.2548828125,1.4622266292572021,638.6019287109375,7.834092140197754,60.0,13.61,430.7254943847656,2.3934969902038574,56.83933639526367,0.16053466498851776
2023-05-06 05:13:00,12325,101.0,555.0,74.00697326660156,0.05689512938261032,265.99420166015625,0.6936932802200317,646.124755859375,5.62729024887085,60.0,13.61,436.6934814453125,0.9171579480171204,57.22652816772461,0.25123611092567444
2023-05-06 05:14:00,12326,101.0,555.0,73.99967956542969,0.06846942007541656,268.5212097167969,0.8605815768241882,652.6918334960938,2.8538172245025635,60.0,13.61,440.3459167480469,1.3589801788330078,57.53221893310547,0.17048272490501404
2023-05-06 05:15:00,12327,101.0,555.0,74.21621704101562,0.14223994314670563,271.5874328613281,1.0121468305587769,653.3837890625,5.866044521331787,60.0,13.61,445.3120422363281,1.7270327806472778,57.95606994628906,0.401903361082077
2023-05-06 05:16:00,12328,101.0,555.0,74.65764617919922,0.1522979438304901,275.04193115234375,1.0864291191101074,652.858154296875,7.359822750091553,60.0,13.59,451.2345275878906,1.7806748151779175,58.53792953491211,0.35106027126312256
2023-05-06 05:17:00,12329,101.0,555.0,74.93485260009766,0.08083581924438477,277.7906188964844,0.5201705098152161,643.572265625,5.492797374725342,60.0,13.61,455.9970397949219,0.9223730564117432,59.43541717529297,0.24225033819675446
2023-05-06 05:18:00,12330,101.0,555.0,75.27848052978516,0.1483156383037567,279.5907287597656,0.39385858178138733,643.6936645507812,5.627583026885986,60.0,13.61,459.0179748535156,0.729242205619812,60.13429641723633,0.29278191924095154
2023-05-06 05:19:00,12331,101.0,555.0,75.78800964355469,0.2061302661895752,280.9761047363281,1.0287319421768188,645.470947265625,6.2985100746154785,60.0,13.61,461.2403564453125,1.6304806470870972,60.32595443725586,0.20811806619167328
2023-05-06 05:20:00,12332,101.0,555.0,76.56553649902344,0.23184221982955933,285.4507751464844,1.4646527767181396,642.5143432617188,6.049954891204834,60.0,13.61,468.66021728515625,2.586390256881714,61.40817642211914,0.2558581531047821
2023-05-06 05:21:00,12333,101.0,555.0,76.15052032470703,1.412613034248352,275.7886047363281,20.763662338256836,616.704833984375,68.63447570800781,60.0,13.6,452.6654357910156,34.80788803100586,61.05183792114258,0.9765872359275818
2023-05-06 05:22:00,12334,101.0,555.0,70.9730453491211,2.585007429122925,204.1769256591797,44.298954010009766,409.3485107421875,129.55987548828125,60.0,13.61,333.1641845703125,73.48552703857422,55.436378479003906,3.0033490657806396
2023-05-06 05:23:00,12335,101.0,555.0,75.0914306640625,0.5517326593399048,282.46234130859375,11.39116382598877,621.6917724609375,25.091808319091797,60.0,13.61,464.0872802734375,18.976959228515625,60.79299545288086,1.4848132133483887
2023-05-06 05:24:00,12336,101.0,555.0,76.15187072753906,0.7388002872467041,293.74749755859375,7.511266708374023,648.2986450195312,18.138389587402344,60.0,13.61,482.3169860839844,12.044549942016602,62.331459045410156,1.296104073524475
2023-05-06 05:25:00,12337,101.0,555.0,77.15440368652344,0.13947521150112152,302.3971862792969,0.8108476400375366,659.818603515625,6.270081043243408,60.0,13.61,496.3961486816406,1.3713725805282593,64.21347045898438,0.19627335667610168
2023-05-06 05:26:00,12338,101.0,555.0,77.49238586425781,0.07369085401296616,305.2624816894531,0.816993772983551,660.0197143554688,7.722695350646973,60.0,13.6,501.1728515625,1.304158091545105,64.83617401123047,0.34111061692237854
2023-05-06 05:27:00,12339,101.0,555.0,77.62348937988281,0.13321806490421295,307.03936767578125,0.6659772396087646,661.3519287109375,6.357959270477295,60.0,13.61,504.2642517089844,1.081449031829834,65.37126159667969,0.27268436551094055
2023-05-06 05:28:00,12340,101.0,555.0,78.32955169677734,0.24355627596378326,311.18609619140625,1.454898715019226,662.4732666015625,8.26282024383545,60.0,13.61,511.2640380859375,2.4458508491516113,66.22308349609375,0.35763370990753174
2023-05-06 05:29:00,12341,101.0,555.0,78.02320861816406,0.3698170781135559,316.2520751953125,0.9434550404548645,670.3218383789062,7.203579425811768,60.0,13.61,519.7035522460938,1.5688135623931885,66.65544128417969,0.23422691226005554
2023-05-06 05:30:00,12342,101.0,555.0,78.53240203857422,0.34140127897262573,319.51220703125,1.3424087762832642,670.2239379882812,7.818450450897217,60.0,13.61,525.1259155273438,2.273005485534668,67.37567138671875,0.5541214346885681
2023-05-06 05:31:00,12343,101.0,555.0,79.9282455444336,0.47497421503067017,325.3619689941406,2.0353126525878906,676.3215942382812,7.22720193862915,60.0,13.59,534.8933715820312,3.5096054077148438,68.33821105957031,0.39767688512802124
2023-05-06 05:32:00,12344,101.0,555.0,81.40723419189453,0.3339326083660126,330.8659973144531,1.5496708154678345,684.2197875976562,8.179171562194824,60.0,13.61,543.9388427734375,2.5646469593048096,69.16646575927734,0.2513587772846222
2023-05-06 05:33:00,12345,101.0,555.0,81.10227966308594,0.5047112107276917,335.4686584472656,1.4779516458511353,687.4392700195312,8.002894401550293,60.0,13.61,551.4749145507812,2.363776206970215,69.69344329833984,0.2085067331790924
2023-05-06 05:34:00,12346,101.0,555.0,79.66336059570312,0.2865915894508362,336.5738525390625,5.485862731933594,682.6560668945312,18.6624698638916,60.0,13.61,552.7141723632812,9.553323745727539,69.9813003540039,0.3109426498413086
2023-05-06 05:35:00,12347,101.0,555.0,79.9638900756836,0.11373975872993469,340.3425598144531,0.35935112833976746,684.0894775390625,7.040236473083496,60.0,13.61,559.2028198242188,0.5596690773963928,70.6356201171875,0.21819725632667542
2023-05-06 05:36:00,12348,101.0,555.0,80.55876922607422,0.2788390517234802,343.3506774902344,1.8568495512008667,685.1192016601562,7.635183334350586,60.0,13.6,563.9217529296875,3.0896034240722656,71.2900161743164,0.39146918058395386
2023-05-06 05:37:00,12349,101.0,555.0,81.57588195800781,0.23495382070541382,347.77630615234375,0.457381933927536,685.635986328125,7.034572124481201,60.0,13.61,571.2423095703125,0.8704894781112671,72.00685119628906,0.2021849900484085
2023-05-06 05:38:00,12350,101.0,555.0,82.2947998046875,0.23687393963336945,350.3157653808594,1.0735867023468018,683.9443969726562,5.698332786560059,60.0,13.61,575.3701171875,1.7514313459396362,72.52099609375,0.21718080341815948
2023-05-06 05:39:00,12351,101.0,555.0,83.16127014160156,0.1940101981163025,356.12274169921875,1.2159850597381592,693.3860473632812,6.491833209991455,60.0,13.61,584.587890625,1.900297999382019,73.38459014892578,0.3153001368045807
2023-05-06 05:40:00,12352,101.0,555.0,83.47830200195312,0.08732591569423676,359.5604248046875,1.205406665802002,694.2190551757812,7.230286598205566,60.0,13.61,590.2132568359375,1.9713066816329956,74.0497817993164,0.3360511362552643
2023-05-06 05:41:00,12353,101.0,555.0,83.88540649414062,0.1629403978586197,364.11737060546875,1.142191767692566,698.565673828125,7.26832914352417,60.0,13.6,597.8117065429688,1.9625846147537231,74.75425720214844,0.22343216836452484
2023-05-06 05:42:00,12354,101.0,555.0,84.10987091064453,0.05871261656284332,367.6761779785156,0.815513551235199,699.436279296875,7.523396015167236,60.0,13.61,603.8071899414062,1.2926093339920044,75.53083038330078,0.36121585965156555
2023-05-06 05:43:00,12355,101.0,555.0,84.35208129882812,0.10735394805669785,371.0394287109375,1.1315593719482422,701.764404296875,7.343681812286377,60.0,13.61,609.2041015625,1.8382489681243896,76.37593078613281,0.32082921266555786
2023-05-06 05:44:00,12356,101.0,555.0,84.68253326416016,0.07670945674180984,374.14837646484375,0.755860447883606,703.0643920898438,6.555244445800781,60.0,13.61,614.4081420898438,1.157609224319458,77.07365417480469,0.3020753562450409
2023-05-06 05:45:00,12357,101.0,555.0,84.71162414550781,0.09196004271507263,376.3211364746094,0.7357438206672668,700.097900390625,7.642910957336426,60.0,13.61,618.1732788085938,1.3508110046386719,77.6174545288086,0.2742282748222351
2023-05-06 05:46:00,12358,101.0,555.0,84.27149200439453,0.16036295890808105,380.1927490234375,0.9915684461593628,709.1547241210938,5.120029926300049,60.0,13.6,624.5767211914062,1.550323724746704,78.10751342773438,0.23884452879428864
2023-05-06 05:47:00,12359,101.0,555.0,84.0373306274414,0.06840956211090088,384.3604431152344,1.5814323425292969,713.1552734375,5.6258978843688965,60.0,13.61,631.6018676757812,2.8062727451324463,78.86781311035156,0.44384852051734924
2023-05-06 05:48:00,12360,101.0,555.0,84.09706115722656,0.11047729104757309,389.4618835449219,1.12705397605896,719.1815185546875,6.656753063201904,60.0,13.61,639.7863159179688,1.6673686504364014,79.77716827392578,0.14998486638069153
2023-05-06 05:49:00,12361,101.0,555.0,83.71430969238281,0.12805061042308807,391.5290222167969,0.5693287253379822,716.5713500976562,6.076032638549805,60.0,13.61,643.0816040039062,0.9027071595191956,80.13045501708984,0.27027246356010437
2023-05-06 05:50:00,12362,101.0,555.0,83.53560638427734,0.055359549820423126,393.8760070800781,0.7399434447288513,710.0750122070312,7.2442240715026855,60.0,13.61,647.0840454101562,1.393694281578064,80.02986145019531,0.1296144276857376
2023-05-06 05:51:00,12363,101.0,555.0,83.72840881347656,0.14114943146705627,397.7049255371094,1.2749061584472656,720.8095092773438,6.541112899780273,60.0,13.6,653.564697265625,2.350043296813965,80.1613540649414,0.18665987253189087
2023-05-06 05:52:00,12364,101.0,555.0,84.30330657958984,0.18864290416240692,401.5710754394531,0.8019341826438904,719.0775146484375,6.6699090003967285,60.0,13.61,659.945556640625,1.4276123046875,80.40837097167969,0.31314700841903687
2023-05-06 05:53:00,12365,101.0,555.0,84.9669418334961,0.17354713380336761,404.0612487792969,0.7088347673416138,714.3824462890625,3.6431939601898193,60.0,13.61,664.0005493164062,0.9823501110076904,81.53431701660156,0.24002467095851898
2023-05-06 05:54:00,12366,101.0,555.0,85.4620590209961,0.12382104247808456,407.3750915527344,1.1724661588668823,721.5379638671875,8.251985549926758,60.0,13.61,669.0986938476562,2.043292760848999,81.96434020996094,0.1470380425453186
2023-05-06 05:55:00,12367,101.0,555.0,85.85114288330078,0.17528650164604187,410.4102478027344,0.721312403678894,718.2286376953125,4.855985164642334,60.0,13.61,674.34765625,1.2299306392669678,82.35420989990234,0.13178913295269012
2023-05-06 05:56:00,12368,101.0,555.0,86.582275390625,0.17459607124328613,414.3497009277344,1.4879120588302612,722.7312622070312,6.475403785705566,60.0,13.6,680.8718872070312,2.289478302001953,82.63094329833984,0.16853681206703186
2023-05-06 05:57:00,12369,101.0,555.0,87.06385803222656,0.12898144125938416,417.38970947265625,0.552420973777771,721.3316650390625,7.349977493286133,60.0,13.61,685.8434448242188,1.1437777280807495,82.83367156982422,0.20258952677249908
2023-05-06 05:58:00,12370,101.0,555.0,87.59408569335938,0.2035369575023651,422.00390625,1.690987467765808,726.7072143554688,3.452613353729248,60.0,13.61,693.5382690429688,2.7038629055023193,83.4015884399414,0.38804298639297485
2023-05-06 05:59:00,12371,101.0,555.0,88.29542541503906,0.18138886988162994,424.7425842285156,0.3942423462867737,729.3116455078125,5.463716983795166,60.0,13.61,698.031982421875,0.7017554044723511,83.96729278564453,0.2748236656188965
2023-05-06 06:00:00,12372,101.0,555.0,88.74466705322266,0.0856664702296257,427.3902587890625,1.4090021848678589,727.4466552734375,7.393153190612793,60.0,13.61,702.5978393554688,2.407607316970825,84.10803985595703,0.1978168487548828
2023-05-06 06:01:00,12373,101.0,555.0,88.576416015625,0.1669052243232727,429.95037841796875,0.3945106267929077,730.5874633789062,6.968592643737793,60.0,13.6,706.8966674804688,0.7568999528884888,84.03119659423828,0.262426495552063
2023-05-06 06:02:00,12374,101.0,555.0,88.16014099121094,0.09273581951856613,432.0155944824219,0.8156099319458008,729.5296020507812,7.072628974914551,60.0,13.61,710.5338134765625,1.3633626699447632,83.76505279541016,0.2480442076921463
2023-05-06 06:03:00,12375,101.0,555.0,88.0113754272461,0.05565120279788971,435.59722900390625,1.3718962669372559,727.7886962890625,6.040380477905273,60.0,13.61,716.46484375,2.1632981300354004,83.70730590820312,0.22481372952461243
2023-05-06 06:04:00,12376,101.0,555.0,88.04415130615234,0.05967206507921219,440.0346984863281,1.2301887273788452,737.9657592773438,7.44899845123291,60.0,13.61,723.8251342773438,1.9863362312316895,83.63143920898438,0.23313073813915253
2023-05-06 06:05:00,12377,101.0,555.0,88.1791000366211,0.07333828508853912,444.0091247558594,1.20075523853302,737.260009765625,7.449066162109375,60.0,13.61,730.6273803710938,2.046566963195801,84.10249328613281,0.28077805042266846
2023-05-06 06:06:00,12378,101.0,555.0,88.25443267822266,0.07123784720897675,447.6749572753906,0.7662125825881958,739.7984008789062,7.209589004516602,60.0,13.59,736.8099365234375,1.2449156045913696,85.22471618652344,0.6262053847312927
2023-05-06 06:07:00,12379,101.0,555.0,88.60356903076172,0.2066294401884079,451.1506042480469,1.137447714805603,745.3170776367188,7.305546283721924,60.0,13.61,742.7015380859375,1.9460488557815552,87.08906555175781,0.5551873445510864
2023-05-06 06:08:00,12380,101.0,555.0,89.28306579589844,0.20608970522880554,455.0498046875,1.2522276639938354,743.3192138671875,6.00990104675293,60.0,13.61,749.1944580078125,2.0954387187957764,89.75019073486328,0.7896602749824524
2023-05-06 06:09:00,12381,101.0,555.0,89.98377990722656,0.16108080744743347,457.7320251464844,0.36147603392601013,744.252197265625,5.912276744842529,60.0,13.61,753.4238891601562,1.174257516860962,92.46253204345703,0.6666011810302734
2023-05-06 06:10:00,12382,101.0,555.0,90.26020812988281,0.06213519349694252,460.5318603515625,1.3169409036636353,746.9141235351562,7.850439548492432,60.0,13.61,758.322509765625,1.9677876234054565,95.40290832519531,0.8037912249565125
2023-05-06 06:11:00,12383,101.0,555.0,90.2911376953125,0.04954403266310692,464.5653381347656,1.1654434204101562,749.8623657226562,5.349157810211182,60.0,13.6,765.1213989257812,2.009726047515869,98.58026885986328,1.136781930923462
2023-05-06 06:12:00,12384,101.0,555.0,90.33406066894531,0.0780390277504921,467.7013854980469,1.089095950126648,744.9183959960938,2.642625570297241,60.0,13.61,770.7560424804688,1.8820561170578003,101.9708480834961,0.9979814887046814
2023-05-06 06:13:00,12385,101.0,555.0,90.36764526367188,0.12400335818529129,471.6174621582031,1.4436988830566406,751.4392700195312,6.264420986175537,60.0,13.61,777.0518188476562,2.4980669021606445,105.13207244873047,0.9961395859718323
2023-05-06 06:14:00,12386,101.0,555.0,90.7079849243164,0.0736115351319313,475.5603942871094,0.8301905393600464,756.9864501953125,3.4601352214813232,60.0,13.61,783.4723510742188,1.377526879310608,108.29635620117188,0.8312575817108154
2023-05-06 06:15:00,12387,101.0,555.0,90.87698364257812,0.09004703909158707,479.2007141113281,1.0018737316131592,755.1254272460938,3.323108673095703,60.0,13.61,789.3927612304688,1.7070231437683105,111.53018188476562,1.0295586585998535
2023-05-06 06:16:00,12388,101.0,555.0,91.13743591308594,0.10225322842597961,481.61102294921875,0.7121790051460266,749.6618041992188,6.392224311828613,60.0,13.6,793.5949096679688,1.2570337057113647,114.8431625366211,0.9273433685302734
2023-05-06 06:17:00,12389,101.0,555.0,91.43419647216797,0.10244006663560867,484.4881286621094,1.3384870290756226,748.6442260742188,4.972169876098633,60.0,13.61,798.2022705078125,2.2139976024627686,117.95137023925781,1.0136635303497314
2023-05-06 06:18:00,12390,101.0,555.0,91.86080169677734,0.11434972286224365,489.6268615722656,1.554827332496643,757.5057373046875,6.335180282592773,60.0,13.61,806.7845458984375,2.423283338546753,121.5036392211914,0.7647272944450378
2023-05-06 06:19:00,12391,101.0,555.0,91.89453125,0.06491252034902573,492.7376403808594,0.9894936084747314,766.2351684570312,2.320005178451538,60.0,13.61,811.8988647460938,1.680770754814148,124.63221740722656,0.9745330214500427
2023-05-06 06:20:00,12392,101.0,555.0,91.85704040527344,0.09671686589717865,496.7378845214844,1.8016972541809082,760.1896362304688,7.4044270515441895,60.0,13.61,818.8807373046875,3.04516339302063,128.25372314453125,0.9750546813011169
2023-05-06 06:21:00,12393,101.0,555.0,91.44587707519531,0.12338271737098694,501.37066650390625,1.0969009399414062,763.8683471679688,6.447998523712158,60.0,13.6,826.7195434570312,1.7146086692810059,131.73574829101562,1.0018411874771118
2023-05-06 06:22:00,12394,101.0,555.0,91.47887420654297,0.0832981988787651,504.50494384765625,1.1670945882797241,766.9251098632812,5.308883190155029,60.0,13.61,831.8203125,1.7713340520858765,135.07254028320312,1.119409441947937
2023-05-06 06:23:00,12395,101.0,555.0,91.74312591552734,0.0922631099820137,508.4836730957031,1.114871621131897,769.4979248046875,5.814887523651123,60.0,13.61,838.5601196289062,1.7382524013519287,138.67318725585938,1.1450085639953613
2023-05-06 06:24:00,12396,101.0,555.0,92.06038665771484,0.09220901131629944,512.5302734375,1.05221426486969,763.4584350585938,4.927587509155273,60.0,13.61,845.61328125,1.8725565671920776,142.38198852539062,1.0030269622802734
2023-05-06 06:25:00,12397,101.0,555.0,92.2687759399414,0.06599365919828415,516.9407348632812,1.1401400566101074,773.362060546875,5.847912788391113,60.0,13.61,852.9813232421875,1.9575608968734741,146.07595825195312,1.2566386461257935
2023-05-06 06:26:00,12398,101.0,555.0,92.29310607910156,0.06739042699337006,520.2775268554688,0.8608587980270386,776.65234375,5.248518466949463,60.0,13.6,858.629150390625,1.7211946249008179,149.58786010742188,0.9366771578788757
2023-05-06 06:27:00,12399,101.0,555.0,92.54222106933594,0.08940774947404861,522.142333984375,0.9648901224136353,767.2404174804688,2.451768398284912,60.0,13.61,862.3365478515625,1.7705276012420654,152.97296142578125,1.0239269733428955
2023-05-06 06:28:00,12400,101.0,555.0,92.68937683105469,0.056569989770650864,525.3887329101562,1.0010985136032104,769.767578125,5.278913974761963,60.0,13.61,867.6097412109375,1.4935654401779175,156.43341064453125,1.0604134798049927
2023-05-06 06:29:00,12401,101.0,555.0,92.78764343261719,0.04546438530087471,527.9803466796875,0.6699197292327881,766.331298828125,2.963265895843506,60.0,13.61,872.1773071289062,1.1298354864120483,159.8466033935547,0.9775697588920593
2023-05-06 06:30:00,12402,101.0,555.0,92.6506118774414,0.0566948726773262,530.3924560546875,0.7518307566642761,775.5253295898438,6.664431571960449,60.0,13.61,876.070556640625,1.2540595531463623,162.92225646972656,0.8401603698730469
2023-05-06 06:31:00,12403,101.0,555.0,92.6275405883789,0.055116161704063416,533.4095458984375,0.8660240173339844,776.8143310546875,4.597430229187012,60.0,13.6,880.8743286132812,1.4190289974212646,166.1223602294922,1.0037635564804077
2023-05-06 06:32:00,12404,101.0,555.0,92.81095123291016,0.09151159226894379,536.3367919921875,0.5760514736175537,776.6707153320312,5.820187568664551,60.0,13.61,885.5000610351562,0.9849433302879333,169.5399932861328,0.833465039730072
2023-05-06 06:33:00,12405,101.0,555.0,93.17589569091797,0.10281234234571457,539.386962890625,1.0578886270523071,778.755126953125,6.465668678283691,60.0,13.61,890.6116943359375,1.7094017267227173,172.92247009277344,0.9940183162689209
2023-05-06 06:34:00,12406,101.0,555.0,93.26792907714844,0.04104488715529442,542.7125244140625,0.6013036370277405,776.1278686523438,4.307658672332764,60.0,13.61,896.36328125,1.2697913646697998,176.7812042236328,1.0295079946517944
2023-05-06 06:35:00,12407,101.0,555.0,93.381591796875,0.11389262229204178,545.4462280273438,1.3203356266021729,775.2861938476562,2.792203664779663,60.0,13.61,901.193603515625,2.257045269012451,180.4164276123047,1.224928617477417
2023-05-06 06:36:00,12408,101.0,555.0,93.74652862548828,0.12421154230833054,549.997802734375,1.1210830211639404,775.9059448242188,6.288154125213623,60.0,13.6,908.7597045898438,1.8657300472259521,184.1239776611328,1.20066499710083
2023-05-06 06:37:00,12409,101.0,555.0,94.09667205810547,0.1320667564868927,552.7323608398438,0.7170036435127258,777.4769897460938,7.209428310394287,60.0,13.61,913.3029174804688,1.0813637971878052,187.79476928710938,1.0719542503356934
2023-05-06 06:38:00,12410,101.0,555.0,94.64759063720703,0.22736410796642303,554.1917114257812,0.627256453037262,778.2036743164062,5.401500225067139,60.0,13.61,915.4609375,0.8508567810058594,190.97743225097656,1.1232032775878906
2023-05-06 06:39:00,12411,101.0,555.0,95.45255279541016,0.22965273261070251,556.7518310546875,0.5874779224395752,772.7592163085938,5.462080001831055,60.0,13.61,919.8889770507812,1.3030825853347778,194.38742065429688,1.0066778659820557
2023-05-06 06:40:00,12412,101.0,555.0,96.23747253417969,0.24899575114250183,558.0409545898438,0.24082301557064056,773.5307006835938,5.23521089553833,60.0,13.61,922.3670043945312,0.2744368016719818,197.5093536376953,0.7493298053741455
2023-05-06 06:41:00,12413,101.0,555.0,96.9620590209961,0.1695900857448578,560.0094604492188,0.9734303951263428,773.6981201171875,5.388521194458008,60.0,13.6,925.5459594726562,1.522297978401184,200.71823120117188,0.9704894423484802
2023-05-06 06:42:00,12414,101.0,555.0,97.41059875488281,0.13527633249759674,563.3866577148438,1.2138252258300781,770.0567016601562,4.892087459564209,60.0,13.61,931.3914794921875,2.158837080001831,204.47915649414062,1.0016248226165771
2023-05-06 06:43:00,12415,101.0,555.0,97.76644897460938,0.08908633887767792,566.8187866210938,1.1440560817718506,776.8084716796875,6.303114414215088,60.0,13.61,936.9180297851562,2.0139572620391846,207.8665008544922,1.1865793466567993
2023-05-06 06:44:00,12416,101.0,555.0,97.77571868896484,0.07797282189130783,569.646728515625,0.9494410753250122,772.796142578125,7.039306640625,60.0,13.61,941.4559326171875,1.6252849102020264,211.45794677734375,1.1949325799942017
2023-05-06 06:45:00,12417,101.0,555.0,97.37025451660156,0.14120766520500183,572.97265625,1.0105183124542236,773.0149536132812,5.855114936828613,60.0,13.61,947.1250610351562,1.547109603881836,214.9648895263672,0.8913765549659729
2023-05-06 06:46:00,12418,101.0,555.0,97.24598693847656,0.07243096083402634,576.4030151367188,0.9004840850830078,778.719970703125,6.606433391571045,60.0,13.59,952.5556640625,1.3950117826461792,218.50393676757812,0.975677490234375
2023-05-06 06:47:00,12419,101.0,555.0,97.66826629638672,0.1722714602947235,578.9041137695312,1.0025837421417236,772.0028686523438,3.591557502746582,60.0,13.61,956.62890625,1.558213710784912,221.97763061523438,1.0771713256835938
2023-05-06 06:48:00,12420,101.0,555.0,97.97937774658203,0.06483820825815201,582.2067260742188,1.2212159633636475,774.7695922851562,5.914716720581055,60.0,13.61,962.4545288085938,2.1482629776000977,225.6308135986328,1.165153980255127
2023-05-06 06:49:00,12421,101.0,555.0,98.14189910888672,0.07421409338712692,586.9574584960938,1.0804626941680908,781.5834350585938,6.742959022521973,60.0,13.61,970.0842895507812,1.8568248748779297,229.77743530273438,1.2987027168273926
2023-05-06 06:50:00,12422,101.0,555.0,98.39354705810547,0.08523975312709808,590.9853515625,1.2068766355514526,783.4879760742188,7.03903341293335,60.0,13.61,977.1756591796875,1.916690707206726,233.69046020507812,1.0209410190582275
2023-05-06 06:51:00,12423,101.0,555.0,98.5900650024414,0.054813042283058167,593.8934936523438,0.7055168151855469,780.1343383789062,6.238236904144287,60.0,13.59,982.392822265625,1.3998284339904785,237.43911743164062,1.1678537130355835
2023-05-06 06:52:00,12424,101.0,555.0,98.58724212646484,0.06316017359495163,596.6083374023438,1.0260679721832275,789.0916137695312,6.199570178985596,60.0,13.61,987.1514892578125,1.584497094154358,240.83258056640625,1.1531480550765991
2023-05-06 06:53:00,12425,101.0,555.0,98.75634002685547,0.107370525598526,599.4125366210938,0.8621006608009338,784.0175170898438,7.637006759643555,60.0,13.61,991.6162719726562,1.525490164756775,244.56178283691406,1.1971149444580078
2023-05-06 06:54:00,12426,101.0,555.0,98.7270736694336,0.10608818382024765,603.0900268554688,1.2655688524246216,781.3904418945312,5.582551956176758,60.0,13.61,998.0573120117188,2.249210834503174,248.60687255859375,1.0793583393096924
2023-05-06 06:55:00,12427,101.0,555.0,98.45468139648438,0.07481797784566879,606.468994140625,0.42069682478904724,787.8213500976562,6.4263434410095215,60.0,13.61,1003.5538940429688,0.7545947432518005,252.18495178222656,1.048737645149231
2023-05-06 06:56:00,12428,101.0,555.0,98.56723022460938,0.10708550363779068,608.721923828125,1.066245198249817,790.8960571289062,4.025237083435059,60.0,13.6,1007.1226196289062,1.635053277015686,255.51678466796875,1.1945804357528687
2023-05-06 06:57:00,12429,101.0,555.0,99.0274658203125,0.17591097950935364,613.3623046875,1.244452953338623,784.748291015625,6.637397766113281,60.0,13.61,1015.0772094726562,1.9847246408462524,259.8970642089844,1.198890209197998
2023-05-06 06:58:00,12430,101.0,555.0,99.59469604492188,0.09170427173376083,616.1980590820312,1.0656569004058838,787.5798950195312,6.204195022583008,60.0,13.61,1020.0695190429688,1.8679215908050537,263.492919921875,1.1267536878585815
2023-05-06 06:59:00,12431,101.0,555.0,99.83175659179688,0.12072707712650299,619.2598876953125,0.957398533821106,787.4964599609375,6.069876194000244,60.0,13.61,1025.439697265625,1.7147964239120483,267.39111328125,1.17707359790802
2023-05-06 07:00:00,12432,101.0,555.0,100.34554290771484,0.18389783799648285,621.9572143554688,0.9005375504493713,786.3026733398438,6.385973930358887,60.0,13.61,1030.2982177734375,1.716871976852417,271.2630310058594,1.1242409944534302
2023-05-06 07:01:00,12433,101.0,555.0,100.79386901855469,0.10640347748994827,624.87109375,0.9254553318023682,787.2845458984375,6.08212423324585,60.0,13.6,1035.60107421875,1.4303646087646484,274.8795166015625,1.1848043203353882
2023-05-06 07:02:00,12434,101.0,555.0,100.8401107788086,0.07499559968709946,627.0632934570312,0.6589677333831787,787.6188354492188,6.135573387145996,60.0,13.61,1039.1802978515625,1.1260578632354736,278.4878845214844,0.9715278744697571
2023-05-06 07:03:00,12435,101.0,555.0,100.82001495361328,0.08865078538656235,629.6922607421875,1.261067271232605,785.9061279296875,6.03476619720459,60.0,13.61,1043.4725341796875,1.895902156829834,282.3653564453125,1.0992530584335327
2023-05-06 07:04:00,12436,101.0,555.0,101.34567260742188,0.2383175492286682,633.3235473632812,0.961750864982605,789.3265380859375,6.600647449493408,60.0,13.61,1049.5606689453125,1.7128932476043701,286.2684020996094,1.2429836988449097
2023-05-06 07:05:00,12437,101.0,555.0,101.8408203125,0.05514155700802803,637.284423828125,0.8548246026039124,788.6070556640625,6.5898919105529785,60.0,13.61,1056.160888671875,1.4868218898773193,290.67840576171875,1.1011393070220947
2023-05-06 07:06:00,12438,101.0,555.0,101.83300018310547,0.07108868658542633,638.7444458007812,0.9765737056732178,789.2583618164062,7.108591556549072,60.0,13.6,1058.6451416015625,1.6312347650527954,293.9294738769531,1.0381907224655151
2023-05-06 07:07:00,12439,101.0,555.0,101.77397918701172,0.058757439255714417,643.387451171875,1.4413201808929443,788.9615478515625,5.014053821563721,60.0,13.61,1066.4713134765625,2.22869873046875,298.3583679199219,1.206741452217102
2023-05-06 07:08:00,12440,101.0,555.0,101.90927124023438,0.07989825308322906,647.9931640625,1.0353137254714966,798.3405151367188,4.080076217651367,60.0,13.61,1074.3009033203125,1.7567468881607056,302.8191223144531,1.3158034086227417
2023-05-06 07:09:00,12441,101.0,555.0,102.11235046386719,0.07542199641466141,650.3309936523438,0.4443374574184418,800.1306762695312,3.564318895339966,60.0,13.61,1078.4241943359375,0.6358931064605713,306.38958740234375,0.9762136936187744
2023-05-06 07:10:00,12442,101.0,555.0,102.15412139892578,0.06091492623090744,652.0390625,0.6326119899749756,792.4298095703125,4.440378189086914,60.0,13.61,1081.0709228515625,1.0470554828643799,309.98638916015625,0.9029725193977356
2023-05-06 07:11:00,12443,101.0,555.0,102.02693176269531,0.07120560109615326,656.2942504882812,1.5698696374893188,792.3370971679688,7.07507848739624,60.0,13.6,1088.4261474609375,2.637516498565674,314.16680908203125,1.3097879886627197
2023-05-06 07:12:00,12444,101.0,555.0,102.11275482177734,0.054399989545345306,661.8680419921875,1.8098047971725464,794.1572265625,3.43416690826416,60.0,13.61,1098.119873046875,3.007885694503784,319.1722717285156,1.421005129814148
2023-05-06 07:13:00,12445,101.0,555.0,102.10264587402344,0.055835604667663574,666.0549926757812,0.6430602669715881,805.703857421875,3.6369709968566895,60.0,13.61,1104.673095703125,1.0273429155349731,323.2423400878906,1.0598992109298706
2023-05-06 07:14:00,12446,101.0,555.0,101.98861694335938,0.12559835612773895,668.4255981445312,1.1033940315246582,802.7992553710938,3.229534149169922,60.0,13.61,1108.53955078125,1.86283278465271,326.5225524902344,0.974847674369812
2023-05-06 07:15:00,12447,101.0,555.0,101.59934997558594,0.18275783956050873,672.0465698242188,0.693368673324585,799.557861328125,6.370668888092041,60.0,13.61,1114.885498046875,1.3369925022125244,330.8328857421875,1.1230348348617554
2023-05-06 07:16:00,12448,101.0,555.0,101.3482437133789,0.061065442860126495,674.78125,0.9605218768119812,803.6378173828125,6.0775861740112305,60.0,13.6,1119.18359375,1.6527783870697021,334.3193054199219,1.2306047677993774
2023-05-06 07:17:00,12449,101.0,555.0,101.38206481933594,0.07153895497322083,678.2664184570312,0.6919758915901184,800.4049072265625,6.367037773132324,60.0,13.61,1125.2972412109375,1.317927598953247,338.3563232421875,1.1064101457595825
2023-05-06 07:18:00,12450,101.0,555.0,101.40253448486328,0.06420183181762695,681.3475341796875,1.1320194005966187,803.5325317382812,6.965741157531738,60.0,13.61,1130.6761474609375,1.74263334274292,342.2572326660156,1.1616275310516357
2023-05-06 07:19:00,12451,101.0,555.0,101.64161682128906,0.09745749086141586,684.2710571289062,0.854964017868042,804.5734252929688,6.952390670776367,60.0,13.61,1135.6339111328125,1.4010875225067139,346.2196960449219,1.0773060321807861
2023-05-06 07:20:00,12452,101.0,555.0,101.8192138671875,0.05979285016655922,687.7079467773438,0.8792458772659302,809.4423828125,2.9146690368652344,60.0,13.61,1141.314208984375,1.5290862321853638,349.99139404296875,1.2000454664230347
2023-05-06 07:21:00,12453,101.0,555.0,101.88754272460938,0.06677887588739395,690.460693359375,0.6668201088905334,811.1822509765625,6.417613506317139,60.0,13.6,1146.179931640625,1.1660559177398682,353.8536071777344,1.1648504734039307
2023-05-06 07:22:00,12454,101.0,555.0,102.04647064208984,0.0755060538649559,692.389892578125,0.37535056471824646,799.5260620117188,4.5827741622924805,60.0,13.61,1149.468505859375,0.5120223164558411,357.3961181640625,0.8397553563117981
2023-05-06 07:23:00,12455,101.0,555.0,102.27201080322266,0.11277420818805695,694.2841796875,0.5521858930587769,803.3058471679688,6.964056015014648,60.0,13.61,1152.485595703125,0.9253761768341064,360.54473876953125,1.1386873722076416
2023-05-06 07:24:00,12456,101.0,555.0,102.70133209228516,0.14007188379764557,697.9402465820312,1.1977524757385254,805.3298950195312,7.1589555740356445,60.0,13.61,1158.7479248046875,2.074183940887451,364.6413269042969,1.3005913496017456
2023-05-06 07:25:00,12457,101.0,555.0,102.89746856689453,0.0797656923532486,701.318359375,0.6698788404464722,805.373046875,6.937004566192627,60.0,13.61,1164.9564208984375,1.1924363374710083,368.81243896484375,1.0157924890518188
2023-05-06 07:26:00,12458,101.0,555.0,103.12296295166016,0.05262276902794838,704.3167724609375,0.7871869802474976,804.8873291015625,6.781778812408447,60.0,13.59,1170.0072021484375,1.3759174346923828,372.7842102050781,1.1483502388000488
2023-05-06 07:27:00,12459,101.0,555.0,103.30144500732422,0.09160567075014114,705.8297119140625,0.2798049747943878,804.3836669921875,6.854175090789795,60.0,13.6,1172.4212646484375,0.5371131300926208,375.9100646972656,0.9546719789505005
2023-05-06 07:28:00,12460,101.0,555.0,103.67890930175781,0.1815372109413147,707.7908325195312,0.874605119228363,804.0116577148438,7.285138130187988,60.0,13.61,1175.587646484375,1.4405553340911865,379.39837646484375,1.1836656332015991
2023-05-06 07:29:00,12461,101.0,555.0,104.37091827392578,0.17800679802894592,710.3772583007812,0.3551120162010193,803.675048828125,6.376508712768555,60.0,13.61,1179.7847900390625,0.6459893584251404,383.5250549316406,1.151412844657898
2023-05-06 07:30:00,12462,101.0,555.0,104.51304626464844,0.09687606245279312,711.6825561523438,0.393775999546051,802.1956787109375,6.909273147583008,60.0,13.61,1182.2371826171875,0.6700769662857056,386.5986328125,1.038601279258728
2023-05-06 07:31:00,12463,101.0,555.0,104.4448471069336,0.0647556483745575,713.7817993164062,0.9216411709785461,796.7608032226562,2.760329246520996,60.0,13.6,1186.2235107421875,1.5642483234405518,390.4981689453125,1.1648715734481812
2023-05-06 07:32:00,12464,101.0,555.0,104.32807922363281,0.09046278893947601,716.982177734375,1.2838886976242065,800.4488525390625,3.2006454467773438,60.0,13.61,1191.6912841796875,2.162666082382202,394.63494873046875,1.368091106414795
2023-05-06 07:33:00,12465,101.0,555.0,104.26544952392578,0.1254759579896927,720.618896484375,0.7628181576728821,806.1851806640625,5.841399192810059,60.0,13.61,1197.6058349609375,1.1654895544052124,398.9151611328125,0.7530315518379211
2023-05-06 07:34:00,12466,101.0,555.0,104.77611541748047,0.11995667964220047,722.806396484375,0.978802502155304,809.3479614257812,5.4771647453308105,60.0,13.61,1201.365966796875,1.6683018207550049,402.4645690917969,1.2704622745513916
2023-05-06 07:35:00,12467,101.0,555.0,104.85655975341797,0.05125114694237709,726.6798095703125,1.4896469116210938,806.6597900390625,7.0217366218566895,60.0,13.61,1207.9249267578125,2.424156904220581,406.8627624511719,1.5101611614227295
2023-05-06 07:36:00,12468,101.0,555.0,104.73774719238281,0.10791537910699844,730.1739501953125,0.7124048471450806,806.4700317382812,5.994955539703369,60.0,13.59,1214.046875,1.2477900981903076,411.2918701171875,0.8525254130363464
2023-05-06 07:37:00,12469,101.0,555.0,104.4571304321289,0.08238323777914047,732.1674194335938,0.6148099899291992,803.9896850585938,5.365631580352783,60.0,13.6,1217.5863037109375,1.2201756238937378,415.02410888671875,1.1798160076141357
2023-05-06 07:38:00,12470,101.0,555.0,104.47543334960938,0.05418424308300018,733.0070190429688,0.8353214263916016,805.005615234375,6.295914173126221,60.0,13.61,1219.1873779296875,0.6974409818649292,417.90447998046875,0.7288912534713745
2023-05-06 07:39:00,12471,101.0,555.0,104.47486877441406,0.09360156953334808,737.423095703125,1.7428914308547974,807.1043090820312,6.214865207672119,60.0,13.6,1226.38232421875,2.8775103092193604,422.38397216796875,1.8202122449874878
2023-05-06 07:40:00,12472,101.0,555.0,104.25076293945312,0.06970702856779099,741.451416015625,0.8060638904571533,808.7681274414062,10.330570220947266,60.0,13.61,1233.1029052734375,1.3179645538330078,427.10577392578125,1.2306525707244873
2023-05-06 07:41:00,12473,101.0,555.0,104.2154312133789,0.0662650540471077,743.2154541015625,0.4675668776035309,807.958740234375,7.278147220611572,60.0,13.6,1236.010009765625,0.7469694018363953,430.4443359375,0.7545269727706909
2023-05-06 07:42:00,12474,101.0,555.0,104.41227722167969,0.22542855143547058,744.1842651367188,0.6907898187637329,806.2811889648438,7.453506946563721,60.0,13.61,1237.5733642578125,1.0285358428955078,433.5009765625,1.1836199760437012
2023-05-06 07:43:00,12475,101.0,555.0,105.11626434326172,0.17772547900676727,746.882568359375,0.4400050938129425,806.5916748046875,7.408125877380371,60.0,13.6,1241.9556884765625,0.810094952583313,437.3284912109375,1.0614081621170044
2023-05-06 07:44:00,12476,101.0,555.0,105.61994934082031,0.11349178105592728,750.4300537109375,1.6881766319274902,808.1364135742188,7.6307268142700195,60.0,13.61,1247.9088134765625,2.853337049484253,441.6852722167969,1.4417794942855835
2023-05-06 07:45:00,12477,101.0,555.0,105.48844146728516,0.08506904542446136,754.2657470703125,0.9641519784927368,808.6151733398438,7.741253852844238,60.0,13.61,1254.646484375,1.6094996929168701,446.20001220703125,1.2267504930496216
2023-05-06 07:46:00,12478,101.0,555.0,105.5909652709961,0.1281214952468872,756.9498291015625,1.0278431177139282,808.3394165039062,7.4642205238342285,60.0,13.59,1258.9183349609375,1.7831616401672363,450.2164306640625,1.2612535953521729
2023-05-06 07:47:00,12479,101.0,555.0,105.91487884521484,0.11903493106365204,758.5206909179688,0.37381511926651,808.5487670898438,6.9379472732543945,60.0,13.6,1261.835205078125,0.5443364977836609,453.5005798339844,0.8907245993614197
2023-05-06 07:48:00,12480,101.0,555.0,106.1675033569336,0.08830742537975311,761.4381713867188,1.1705033779144287,809.4443969726562,6.228790283203125,60.0,13.6,1266.8192138671875,2.0372684001922607,457.4427490234375,1.2376747131347656
2023-05-06 07:49:00,12481,101.0,555.0,106.41810607910156,0.14852695167064667,765.2638549804688,1.0642883777618408,809.8778686523438,6.650411128997803,60.0,13.6,1273.4837646484375,1.7030367851257324,462.1566467285156,1.283176302909851
2023-05-06 07:50:00,12482,101.0,555.0,106.59718322753906,0.06013842672109604,769.0116577148438,1.0108208656311035,813.0962524414062,6.865074634552002,60.0,13.61,1279.9603271484375,1.7193979024887085,466.8166198730469,1.3257306814193726
2023-05-06 07:51:00,12483,101.0,555.0,106.83795928955078,0.17781029641628265,771.709228515625,0.6291540861129761,812.5062866210938,6.99522590637207,60.0,13.59,1284.4576416015625,0.9073018431663513,470.87115478515625,1.12720787525177
2023-05-06 07:52:00,12484,101.0,555.0,107.6109848022461,0.2599259316921234,773.5841064453125,0.8277666568756104,811.7803344726562,6.293525695800781,60.0,13.6,1287.3924560546875,1.4111926555633545,474.2101135253906,1.219051718711853
2023-05-06 07:53:00,12485,101.0,555.0,108.40502166748047,0.232350692152977,775.2942504882812,0.8865756392478943,810.0924682617188,6.375100612640381,60.0,13.61,1290.39453125,1.4923540353775024,477.62298583984375,1.2628813982009888
2023-05-06 07:54:00,12486,101.0,555.0,108.66238403320312,0.12015260756015778,777.5923461914062,0.6845996975898743,810.813720703125,6.35483980178833,60.0,13.6,1294.40087890625,1.2168095111846924,481.40692138671875,1.0478458404541016
2023-05-06 07:55:00,12487,101.0,555.0,108.10470581054688,0.2426130473613739,781.8050537109375,1.0772359371185303,814.2232055664062,6.380704879760742,60.0,13.6,1301.64794921875,1.9070277214050293,486.3865051269531,1.481387734413147
2023-05-06 07:56:00,12488,101.0,555.0,107.73639678955078,0.12443338334560394,785.2799072265625,1.224839448928833,815.8013305664062,6.631171226501465,60.0,13.59,1307.40234375,1.8632732629776,490.9754943847656,1.4897886514663696
2023-05-06 07:57:00,12489,101.0,555.0,108.40811157226562,0.20637531578540802,788.0780639648438,1.2237637042999268,814.8191528320312,7.067193984985352,60.0,13.6,1312.0428466796875,2.01899790763855,494.9804382324219,1.2855197191238403
2023-05-06 07:58:00,12490,101.0,555.0,108.5614013671875,0.06572019308805466,790.779296875,0.42102834582328796,814.7604370117188,6.807925224304199,60.0,13.6,1316.53955078125,0.608285129070282,499.1141052246094,0.690420389175415
2023-05-06 07:59:00,12491,101.0,555.0,108.89436340332031,0.17608682811260223,792.7314453125,1.5813040733337402,815.5632934570312,6.009829044342041,60.0,13.6,1319.7738037109375,2.7701354026794434,502.73187255859375,1.660553216934204
2023-05-06 08:00:00,12492,101.0,555.0,109.19758605957031,0.09756532311439514,796.5095825195312,1.508089542388916,816.1786499023438,6.619215488433838,60.0,13.6,1326.5469970703125,2.484537363052368,507.4534606933594,1.63489830493927
2023-05-06 08:01:00,12493,101.0,555.0,109.41759490966797,0.11411310732364655,800.181884765625,0.777527928352356,816.2538452148438,6.241063117980957,60.0,13.59,1332.7039794921875,1.218804121017456,512.1719360351562,1.0049163103103638
2023-05-06 08:02:00,12494,101.0,555.0,109.99931335449219,0.2157861292362213,799.953369140625,1.2327529191970825,813.9668579101562,5.825505256652832,60.0,13.61,1332.4083251953125,2.1054461002349854,514.9370727539062,0.38792526721954346
2023-05-06 08:03:00,12495,101.0,555.0,110.04448699951172,0.08352170884609222,798.7466430664062,1.0758103132247925,810.8505859375,6.301041126251221,60.0,13.61,1330.55322265625,1.8587719202041626,516.5386352539062,1.3063768148422241
2023-05-06 08:04:00,12496,101.0,555.0,110.11965942382812,0.059412408620119095,803.8823852539062,1.3500945568084717,813.834716796875,6.887505054473877,60.0,13.6,1339.2896728515625,2.2432971000671387,522.2409057617188,1.583006739616394
2023-05-06 08:05:00,12497,101.0,555.0,110.01822662353516,0.07008115947246552,807.3860473632812,0.7198439240455627,815.1964111328125,6.753077983856201,60.0,13.6,1345.099609375,1.129624843597412,526.9576416015625,0.7026278972625732
2023-05-06 08:06:00,12498,101.0,555.0,110.50950622558594,0.16726699471473694,808.4942016601562,1.1900635957717896,814.508544921875,6.417334079742432,60.0,13.59,1347.372314453125,1.9374511241912842,529.8554077148438,0.7391235828399658
2023-05-06 08:07:00,12499,101.0,555.0,110.9040298461914,0.23112346231937408,805.0836791992188,0.6178671717643738,804.9610595703125,4.403275489807129,60.0,13.6,1341.981689453125,1.0004490613937378,530.3209838867188,0.7419321537017822
2023-05-06 08:08:00,12500,101.0,555.0,112.31429290771484,0.4915618896484375,807.6284790039062,0.5809758305549622,806.7396240234375,5.030299186706543,60.0,13.6,1345.7735595703125,0.9353795647621155,533.7865600585938,0.8083714246749878
2023-05-06 08:09:00,12501,101.0,555.0,114.31758117675781,0.8464224934577942,810.9618530273438,1.9227238893508911,807.2684936523438,6.559811115264893,60.0,13.6,1351.4254150390625,3.147315263748169,537.5370483398438,1.3851908445358276
2023-05-06 08:10:00,12502,101.0,555.0,118.63552856445312,1.5138946771621704,820.4829711914062,2.156853199005127,814.2037353515625,5.417795181274414,60.0,13.6,1367.398193359375,3.482473611831665,544.9324340820312,1.7624574899673462
2023-05-06 08:11:00,12503,101.0,555.0,124.6130142211914,1.9223986864089966,825.7737426757812,2.1024186611175537,813.2413940429688,5.707759380340576,60.0,13.59,1376.7291259765625,3.5631260871887207,550.063720703125,2.082505464553833
2023-05-06 08:12:00,12504,101.0,555.0,130.759033203125,1.604472041130066,831.7647094726562,2.076677083969116,815.4979858398438,5.894852638244629,60.0,13.6,1387.1199951171875,3.459686279296875,556.3794555664062,2.271141529083252
2023-05-06 08:13:00,12505,101.0,555.0,135.4426727294922,2.418353796005249,833.1295166015625,6.646461486816406,814.9461059570312,6.119048118591309,60.0,13.61,1388.9212646484375,11.61545181274414,559.9161376953125,4.770740985870361
2023-05-06 08:14:00,12506,101.0,555.0,138.22959899902344,1.1540586948394775,849.947998046875,2.3128955364227295,838.2544555664062,4.122211933135986,60.0,13.6,1416.88427734375,3.8826189041137695,573.8619995117188,2.2107951641082764
2023-05-06 08:15:00,12507,101.0,555.0,135.2626495361328,0.4490228295326233,851.3629150390625,5.240048408508301,836.2345581054688,6.990635871887207,60.0,13.61,1419.2691650390625,9.185121536254883,577.4766235351562,2.9070205688476562
2023-05-06 08:16:00,12508,101.0,555.0,134.37713623046875,0.9415220022201538,841.0503540039062,25.116710662841797,818.3675537109375,47.608524322509766,60.0,13.59,1404.1343994140625,41.31623840332031,574.6707153320312,12.457066535949707
2023-05-06 08:17:00,12509,101.0,555.0,128.7194366455078,4.563164234161377,658.8773803710938,211.39122009277344,634.146728515625,239.75294494628906,60.0,13.6,1098.670166015625,356.0849914550781,453.2641296386719,126.0738754272461
2023-05-06 08:18:00,12510,101.0,555.0,136.99122619628906,1.7215389013290405,861.5140991210938,7.003410816192627,846.253662109375,13.56501579284668,60.0,13.6,1437.1715087890625,11.487899780273438,591.7509765625,5.913362503051758
2023-05-06 08:19:00,12511,101.0,555.0,123.39193725585938,3.7912821769714355,851.3762817382812,6.252888202667236,838.5368041992188,8.163219451904297,60.0,13.6,1419.984130859375,10.576375007629395,589.2125244140625,3.75105357170105
2023-05-06 08:20:00,12512,101.0,555.0,118.8250503540039,0.2745831310749054,847.9730834960938,0.744393527507782,834.1597290039062,1.7964311838150024,60.0,13.6,1414.26953125,1.1638818979263306,588.3076782226562,1.1926438808441162
2023-05-06 08:21:00,12513,101.0,555.0,119.78941345214844,0.2497662901878357,848.8924560546875,1.063392996788025,828.8941650390625,5.458286762237549,60.0,13.59,1415.643310546875,1.7628324031829834,591.4773559570312,0.5151641368865967
2023-05-06 08:22:00,12514,101.0,555.0,117.66407012939453,0.9607248306274414,844.8502807617188,1.6150028705596924,824.344970703125,4.1330695152282715,60.0,13.6,1409.1815185546875,2.7709834575653076,591.6886596679688,1.3597859144210815
2023-05-06 08:23:00,12515,101.0,555.0,114.51701354980469,0.5693501830101013,836.4395141601562,7.3403000831604,814.1680297851562,7.336579322814941,60.0,13.6,1395.2115478515625,12.028179168701172,589.1597900390625,3.8751885890960693
2023-05-06 08:24:00,12516,101.0,555.0,113.59378814697266,0.10866088420152664,841.5775146484375,3.229825019836426,809.689453125,5.947798728942871,60.0,13.6,1404.2803955078125,5.477304458618164,594.7818603515625,2.9980103969573975
2023-05-06 08:25:00,12517,101.0,555.0,113.6946029663086,0.08062770217657089,849.8444213867188,0.8933477401733398,815.7000732421875,5.537291049957275,60.0,13.6,1417.8304443359375,1.5316070318222046,602.9016723632812,1.6026718616485596
2023-05-06 08:26:00,12518,101.0,555.0,113.78800201416016,0.05643754079937935,852.902099609375,1.7593077421188354,814.2134399414062,2.698883295059204,60.0,13.59,1422.984619140625,3.02952241897583,607.0656127929688,1.8483541011810303
2023-05-06 08:27:00,12519,101.0,555.0,113.87830352783203,0.05943780019879341,853.7756958007812,1.1849777698516846,825.6302490234375,2.803793430328369,60.0,13.6,1424.3912353515625,2.0290873050689697,609.5070190429688,1.1944254636764526
2023-05-06 08:28:00,12520,101.0,555.0,113.79480743408203,0.13892564177513123,855.5816650390625,1.2427865266799927,818.3016967773438,4.952676773071289,60.0,13.61,1427.5672607421875,2.0534861087799072,613.1712646484375,0.8529843091964722
2023-05-06 08:29:00,12521,101.0,555.0,113.86524963378906,0.1808718740940094,856.957275390625,1.1089462041854858,820.3547973632812,5.745123863220215,60.0,13.6,1429.611328125,1.5763537883758545,616.0194702148438,1.4582573175430298
2023-05-06 08:30:00,12522,101.0,555.0,114.21663665771484,0.08759203553199768,858.7762451171875,2.3578710556030273,818.544677734375,7.215664386749268,60.0,13.6,1432.336669921875,4.190810203552246,619.7241821289062,1.1063570976257324
2023-05-06 08:31:00,12523,101.0,555.0,114.30906677246094,0.22557216882705688,859.0109252929688,4.350079536437988,815.1174926757812,5.733027458190918,60.0,13.59,1433.2269287109375,7.355382919311523,621.5859375,3.2713825702667236
2023-05-06 08:32:00,12524,101.0,555.0,115.02416229248047,0.28104129433631897,867.6428833007812,1.7155002355575562,819.503173828125,3.8950254917144775,60.0,13.6,1447.8760986328125,2.9785640239715576,629.8359375,2.033076524734497
2023-05-06 08:33:00,12525,101.0,555.0,115.86791229248047,0.19022110104560852,870.0225830078125,0.6431285738945007,818.6934814453125,6.993551254272461,60.0,13.6,1451.788330078125,1.0451182126998901,633.6248168945312,0.638612687587738
2023-05-06 08:34:00,12526,101.0,555.0,116.52408599853516,0.22569133341312408,869.4814453125,1.192642331123352,812.0066528320312,2.833322048187256,60.0,13.6,1451.117919921875,1.8943920135498047,635.9430541992188,0.8683163523674011
2023-05-06 08:35:00,12527,101.0,555.0,118.74909973144531,1.100427269935608,858.5105590820312,15.97878646850586,802.6190185546875,21.53821563720703,60.0,13.6,1432.445556640625,28.25835609436035,630.515869140625,9.204829216003418
2023-05-06 08:36:00,12528,101.0,555.0,119.15916442871094,0.7015247344970703,868.9013061523438,1.2827961444854736,810.5428466796875,4.914699077606201,60.0,13.6,1450.1070556640625,2.2298495769500732,640.6234741210938,1.721641182899475
2023-05-06 08:37:00,12529,101.0,555.0,118.31137084960938,0.3379499614238739,871.4113159179688,4.162352561950684,810.7958374023438,6.519487380981445,60.0,13.6,1454.5906982421875,6.930760383605957,644.8358764648438,3.297372341156006
2023-05-06 08:38:00,12530,101.0,555.0,118.23421478271484,0.07934745401144028,873.5823364257812,1.9921824932098389,814.7223510742188,5.781496047973633,60.0,13.6,1457.8875732421875,3.418778419494629,648.221923828125,1.6613047122955322
2023-05-06 08:39:00,12531,101.0,555.0,118.6980209350586,0.2020985186100006,881.0668334960938,2.401637077331543,819.982177734375,7.699436664581299,60.0,13.61,1470.701416015625,3.845588445663452,655.6809692382812,2.584859609603882
2023-05-06 08:40:00,12532,101.0,555.0,119.65904998779297,0.20835241675376892,881.1386108398438,1.008660078048706,817.727783203125,5.823411464691162,60.0,13.61,1470.9322509765625,1.6365312337875366,658.4470825195312,0.9353117346763611
2023-05-06 08:41:00,12533,101.0,555.0,119.18897247314453,0.11884576827287674,881.5232543945312,2.119209051132202,818.4984130859375,4.9658989906311035,60.0,13.59,1471.349853515625,3.7287535667419434,660.3170776367188,2.243453025817871
2023-05-06 08:42:00,12534,101.0,555.0,119.36906433105469,0.11443768441677094,887.8928833007812,1.5314193964004517,825.6998901367188,6.388461589813232,60.0,13.61,1481.8558349609375,2.458235740661621,666.9301147460938,1.742719054222107
2023-05-06 08:43:00,12535,101.0,555.0,120.50607299804688,0.42622196674346924,887.0714721679688,0.6898356080055237,821.3489990234375,6.924651145935059,60.0,13.61,1480.1414794921875,1.0991724729537964,668.2528686523438,0.32143983244895935
2023-05-06 08:44:00,12536,101.0,555.0,121.08983612060547,0.21276253461837769,891.6026611328125,2.6618223190307617,828.9214477539062,7.6042633056640625,60.0,13.6,1487.88916015625,4.4419941902160645,672.1895751953125,2.375194787979126
2023-05-06 08:45:00,12537,101.0,555.0,122.7327651977539,0.9839109182357788,897.0725708007812,1.0661842823028564,831.288818359375,7.1170477867126465,60.0,13.6,1497.109375,1.7590168714523315,678.2653198242188,1.3205523490905762
2023-05-06 08:46:00,12538,101.0,555.0,125.69892883300781,0.683911144733429,899.3870239257812,2.900597095489502,830.919189453125,6.093989372253418,60.0,13.59,1500.8458251953125,4.995851993560791,682.0659790039062,2.4125378131866455
2023-05-06 08:47:00,12539,101.0,555.0,128.21444702148438,0.6538655757904053,902.9597778320312,0.9075967073440552,835.0086669921875,7.373360633850098,60.0,13.61,1506.5494384765625,1.648409366607666,686.1431884765625,0.7574598789215088
2023-05-06 08:48:00,12540,101.0,555.0,129.3120574951172,0.11352261900901794,907.2757568359375,1.2428125143051147,839.2807006835938,6.815653324127197,60.0,13.61,1513.8685302734375,2.154484987258911,690.1655883789062,1.1220697164535522
2023-05-06 08:49:00,12541,101.0,555.0,128.3187713623047,1.8644531965255737,864.4864501953125,81.48556518554688,783.732666015625,100.59554290771484,60.0,13.61,1437.342041015625,142.47398376464844,658.677734375,54.228004455566406
2023-05-06 08:50:00,12542,101.0,555.0,133.02540588378906,1.6342731714248657,909.2316284179688,1.676164150238037,842.0941162109375,4.395838737487793,60.0,13.61,1516.945556640625,2.9199020862579346,695.1210327148438,1.3457667827606201
2023-05-06 08:51:00,12543,101.0,555.0,136.74407958984375,1.9147850275039673,928.966552734375,7.800943374633789,858.5775146484375,12.32716178894043,60.0,13.59,1550.804443359375,13.225278854370117,712.2891845703125,6.908538341522217
2023-05-06 08:52:00,12544,101.0,555.0,138.75177001953125,3.1616101264953613,850.6024780273438,100.90811157226562,771.8282470703125,112.60930633544922,60.0,13.6,1419.3980712890625,171.00674438476562,658.0728149414062,66.91120147705078
2023-05-06 08:53:00,12545,101.0,555.0,135.17857360839844,7.090220928192139,649.9690551757812,274.1310729980469,569.5928955078125,286.9512634277344,60.0,13.6,1076.135986328125,461.7185363769531,502.7413330078125,191.96084594726562
2023-05-06 08:54:00,12546,101.0,555.0,139.78565979003906,8.405950546264648,765.6345825195312,287.8719177246094,664.847900390625,308.26806640625,58.0,13.61,1273.2620849609375,487.07373046875,618.7030639648438,193.3641815185547
2023-05-06 08:55:00,12547,101.0,555.0,131.33775329589844,6.06314754486084,176.50637817382812,5.960599899291992,100.4937744140625,6.0711517333984375,0.0,13.61,288.1011047363281,9.659256935119629,142.68521118164062,10.014413833618164
2023-05-06 08:56:00,12548,101.0,555.0,145.4332733154297,4.4966278076171875,195.7299346923828,8.041278839111328,121.04397583007812,9.565211296081543,25.0,13.6,322.4063720703125,13.842416763305664,155.0204620361328,6.6801347732543945
2023-05-06 08:57:00,12549,101.0,555.0,162.59156799316406,6.742779731750488,699.8978271484375,326.0863952636719,634.6415405273438,324.4409484863281,60.0,13.61,1171.826171875,548.0648193359375,524.3098754882812,255.37619018554688
2023-05-06 08:58:00,12550,101.0,555.0,164.82688903808594,6.5756144523620605,769.2594604492188,290.98651123046875,653.738525390625,304.0947265625,60.0,13.6,1278.65771484375,490.4835510253906,631.122802734375,200.65452575683594
2023-05-06 08:59:00,12551,101.0,555.0,160.46043395996094,8.424442291259766,539.1284790039062,333.1349792480469,452.2412414550781,344.8315734863281,60.0,13.6,898.4398803710938,562.7626953125,427.70947265625,242.0788116455078
2023-05-06 09:00:00,12552,101.0,555.0,155.7238006591797,1.6163285970687866,243.7127227783203,53.1097526550293,155.02903747558594,56.37605667114258,60.0,13.6,403.5308532714844,91.95833587646484,199.39822387695312,38.267459869384766
2023-05-06 09:01:00,12553,101.0,555.0,167.5276336669922,7.301849365234375,622.2030639648438,294.50115966796875,557.5164184570312,298.1966247558594,60.0,13.59,1046.5413818359375,493.5936584472656,475.0662536621094,215.23974609375
2023-05-06 09:02:00,12554,101.0,555.0,167.262451171875,7.682701587677002,653.260498046875,301.68316650390625,545.1112670898438,308.8559265136719,60.0,13.61,1085.3431396484375,509.7629699707031,519.5237426757812,215.70452880859375
2023-05-06 09:03:00,12555,101.0,555.0,165.8820343017578,9.52291202545166,781.564697265625,286.0978088378906,653.1428833007812,298.7619934082031,60.0,13.61,1295.1729736328125,488.3011474609375,647.4169311523438,212.66656494140625
2023-05-06 09:04:00,12556,101.0,555.0,148.9574432373047,5.764046669006348,544.5006713867188,293.9723815917969,440.24029541015625,298.7837829589844,51.0,13.61,908.9782104492188,499.00390625,442.9821472167969,219.760009765625
2023-05-06 09:05:00,12557,101.0,555.0,159.52706909179688,4.0030131340026855,892.537109375,145.5699005126953,800.1990356445312,112.5556869506836,60.0,13.61,1496.1492919921875,236.6553497314453,706.1973266601562,129.96519470214844
2023-05-06 09:06:00,12558,101.0,555.0,160.4956512451172,1.3388965129852295,963.5007934570312,2.2050740718841553,847.2720336914062,5.1519856452941895,60.0,13.6,1608.180908203125,3.8979928493499756,783.2612915039062,1.2669284343719482
2023-05-06 09:07:00,12559,101.0,555.0,153.86834716796875,2.2993979454040527,959.0217895507812,1.7125017642974854,827.0963134765625,12.994535446166992,60.0,13.6,1600.3453369140625,3.09710955619812,782.6942138671875,0.7322567105293274
2023-05-06 09:08:00,12560,101.0,555.0,147.8524932861328,0.9568425416946411,957.1376953125,0.599625289440155,822.456787109375,5.744215965270996,60.0,13.6,1597.60888671875,0.9112175107002258,781.8156127929688,0.3557220697402954
2023-05-06 09:09:00,12561,101.0,555.0,146.1328125,0.2461877316236496,957.9917602539062,1.7080903053283691,822.4692993164062,6.649081230163574,60.0,13.6,1599.279296875,2.8651254177093506,784.2672729492188,1.9059336185455322
2023-05-06 09:10:00,12562,101.0,555.0,148.41517639160156,0.9798850417137146,960.3909301757812,5.900355339050293,814.1690063476562,12.321730613708496,60.0,13.61,1602.8839111328125,10.582423210144043,788.5935668945312,3.455322504043579
2023-05-06 09:11:00,12563,101.0,555.0,150.63121032714844,0.5790890455245972,967.1843872070312,4.383101463317871,812.3154296875,8.081870079040527,60.0,13.59,1614.6756591796875,7.0769453048706055,795.4742431640625,4.949128150939941
2023-05-06 09:12:00,12564,101.0,555.0,152.5189971923828,0.30926379561424255,977.3939819335938,5.533107280731201,822.2221069335938,7.177103042602539,60.0,13.61,1631.4676513671875,9.365995407104492,806.9067993164062,3.780291795730591
2023-05-06 09:13:00,12565,101.0,555.0,153.190185546875,0.215387761592865,976.8659057617188,1.0916224718093872,820.2213745117188,5.4059038162231445,60.0,13.61,1630.9730224609375,1.9908629655838013,807.4531860351562,1.2215867042541504
2023-05-06 09:14:00,12566,101.0,555.0,157.32589721679688,1.9800047874450684,972.3347778320312,5.008829593658447,835.4669799804688,10.048748970031738,60.0,13.6,1623.588134765625,8.592548370361328,803.6820068359375,3.367770195007324
2023-05-06 09:15:00,12567,101.0,555.0,156.82864379882812,2.9648823738098145,977.4183959960938,32.88361740112305,844.4638061523438,49.819759368896484,60.0,13.6,1632.8021240234375,53.55744171142578,812.8765869140625,11.854516983032227
2023-05-06 09:16:00,12568,101.0,555.0,140.5092010498047,6.993584632873535,542.3677978515625,296.27020263671875,417.93304443359375,303.23138427734375,46.0,13.59,897.03515625,500.35015869140625,478.6807861328125,211.89210510253906
2023-05-06 09:17:00,12569,101.0,555.0,137.18698120117188,7.000997066497803,583.5950927734375,352.3659973144531,495.18670654296875,347.6458435058594,40.0,13.61,970.2518920898438,592.2822875976562,460.6593322753906,283.0255126953125
2023-05-06 09:18:00,12570,101.0,555.0,143.78370666503906,2.360114336013794,964.5111694335938,3.0027012825012207,854.1605834960938,6.793437480926514,60.0,13.61,1611.554443359375,4.756128787994385,805.401611328125,3.6286356449127197
2023-05-06 09:19:00,12571,101.0,555.0,135.79978942871094,1.5438276529312134,962.7117309570312,0.6807824969291687,843.6953735351562,4.557079792022705,60.0,13.61,1607.9718017578125,1.0697513818740845,805.4767456054688,0.4772283136844635
2023-05-06 09:20:00,12572,101.0,555.0,133.1944122314453,0.23043888807296753,963.2919311523438,0.7263259887695312,845.7755737304688,4.961935520172119,60.0,13.61,1608.64208984375,1.1660957336425781,806.9486694335938,1.0775964260101318
2023-05-06 09:21:00,12573,101.0,555.0,132.56417846679688,0.1628531962633133,964.4784545898438,1.348061442375183,856.664306640625,4.9656572341918945,60.0,13.6,1610.3233642578125,2.2190909385681152,809.9219360351562,1.5577661991119385
2023-05-06 09:22:00,12574,101.0,555.0,135.02175903320312,1.0234079360961914,964.048095703125,0.9132021069526672,852.1947631835938,7.406393051147461,60.0,13.61,1609.9825439453125,1.471914529800415,812.2378540039062,0.9334586262702942
2023-05-06 09:23:00,12575,101.0,555.0,136.91050720214844,0.26693475246429443,961.7401123046875,3.5582520961761475,846.9098510742188,5.188513278961182,60.0,13.6,1606.520751953125,5.722233295440674,813.7772216796875,1.8622812032699585
2023-05-06 09:24:00,12576,101.0,555.0,135.39390563964844,0.7272831797599792,956.5896606445312,1.4253056049346924,834.9806518554688,4.399894714355469,60.0,13.61,1597.8719482421875,2.406113386154175,812.1830444335938,1.2860817909240723
2023-05-06 09:25:00,12577,101.0,555.0,131.0885772705078,1.3223034143447876,959.138916015625,2.729710817337036,842.2474365234375,7.121632099151611,60.0,13.61,1602.322998046875,4.457265853881836,816.1350708007812,2.7182936668395996
2023-05-06 09:26:00,12578,101.0,555.0,129.66217041015625,0.38965117931365967,962.3466186523438,0.7369382977485657,840.6303100585938,7.715149879455566,60.0,13.6,1607.5760498046875,1.1354942321777344,821.0664672851562,0.5157914161682129
2023-05-06 09:27:00,12579,101.0,555.0,130.2503662109375,0.14420148730278015,962.7833862304688,1.298631191253662,835.572021484375,7.502779006958008,60.0,13.61,1608.5211181640625,2.0728142261505127,824.2960205078125,2.031825304031372
2023-05-06 09:28:00,12580,101.0,555.0,130.5194091796875,0.2869066298007965,960.4689331054688,2.5458292961120605,829.1646728515625,4.7750067710876465,60.0,13.61,1604.5648193359375,4.099215984344482,825.7404174804688,1.247762680053711
2023-05-06 09:29:00,12581,101.0,555.0,128.65640258789062,0.7972561717033386,952.3716430664062,1.1155380010604858,827.1634521484375,6.836172103881836,60.0,13.61,1591.2125244140625,1.7819072008132935,820.9451904296875,0.8475019335746765
2023-05-06 09:30:00,12582,101.0,555.0,126.6101303100586,0.728306770324707,961.0947875976562,1.7198033332824707,823.2019653320312,4.511612892150879,60.0,13.61,1606.3231201171875,2.9914345741271973,830.5657348632812,2.1039655208587646
2023-05-06 09:31:00,12583,101.0,555.0,123.65214538574219,0.7599009275436401,960.8992309570312,1.127814531326294,824.375,6.944378852844238,60.0,13.6,1606.147216796875,1.9316757917404175,832.6068115234375,0.7769002914428711
2023-05-06 09:32:00,12584,101.0,555.0,121.91195678710938,0.31915169954299927,961.2446899414062,0.6978987455368042,822.9741821289062,2.6951193809509277,60.0,13.61,1606.89453125,1.203840732574463,835.1670532226562,0.8079138994216919
2023-05-06 09:33:00,12585,101.0,555.0,121.66487121582031,0.1763971894979477,960.8861083984375,1.2819539308547974,829.5139770507812,5.706130027770996,60.0,13.61,1605.905517578125,1.759018063545227,837.0257568359375,1.6890583038330078
2023-05-06 09:34:00,12586,101.0,555.0,122.5561294555664,0.24550549685955048,960.7557373046875,2.429133415222168,827.1217651367188,5.074838161468506,60.0,13.61,1605.0921630859375,4.166547775268555,839.0723266601562,1.5031565427780151
2023-05-06 09:35:00,12587,101.0,555.0,122.94843292236328,0.12579889595508575,961.9423828125,2.209049701690674,826.4968872070312,6.847008228302002,60.0,13.61,1607.246337890625,3.8021228313446045,842.2791748046875,2.492633581161499
2023-05-06 09:36:00,12588,101.0,555.0,122.02291107177734,0.2593091130256653,963.4093017578125,0.9416134357452393,823.5325317382812,2.5175416469573975,60.0,13.6,1609.94970703125,1.8570692539215088,845.9688720703125,1.4836782217025757
2023-05-06 09:37:00,12589,101.0,555.0,121.84709167480469,0.11893827468156815,964.8306274414062,0.6868485808372498,832.9523315429688,4.671581745147705,60.0,13.61,1612.6751708984375,1.038145661354065,849.3273315429688,0.6982960104942322
2023-05-06 09:38:00,12590,101.0,555.0,121.65065002441406,0.0704202651977539,968.3446044921875,1.1874929666519165,827.2011108398438,5.889764308929443,60.0,13.61,1618.06005859375,2.024712324142456,854.2991333007812,1.7101805210113525
2023-05-06 09:39:00,12591,101.0,555.0,121.57257843017578,0.08893226087093353,968.8662109375,0.7618699669837952,824.7454223632812,3.3217272758483887,60.0,13.61,1619.19189453125,1.273032307624817,856.953125,0.4752526581287384
2023-05-06 09:40:00,12592,101.0,555.0,121.37159729003906,0.07361388951539993,968.2728881835938,0.3917714059352875,831.1945190429688,6.585302352905273,60.0,13.61,1618.19189453125,0.5173245668411255,857.8519897460938,0.6170065999031067
2023-05-06 09:41:00,12593,101.0,555.0,121.81996154785156,0.21521338820457458,968.201171875,0.5962467789649963,826.794677734375,6.544973373413086,60.0,13.6,1617.9830322265625,0.8208473324775696,859.4378051757812,0.5569353699684143
2023-05-06 09:42:00,12594,101.0,555.0,122.5050048828125,0.2217050939798355,970.241943359375,1.0213172435760498,828.0457763671875,6.882184982299805,60.0,13.61,1621.5,1.6098734140396118,862.3451538085938,0.9191763997077942
2023-05-06 09:43:00,12595,101.0,555.0,122.06895446777344,0.2197715938091278,970.5482788085938,0.7202557921409607,825.4601440429688,4.6519670486450195,60.0,13.61,1622.379150390625,1.4320011138916016,864.488037109375,1.3288929462432861
2023-05-06 09:44:00,12596,101.0,555.0,122.76338195800781,0.10941638052463531,969.7463989257812,1.4166027307510376,825.264892578125,5.839172840118408,60.0,13.61,1620.884521484375,2.422971487045288,866.0286254882812,0.8044721484184265
2023-05-06 09:45:00,12597,101.0,555.0,123.96134948730469,0.6180269122123718,966.7735595703125,0.686613142490387,819.296630859375,4.969919681549072,60.0,13.61,1616.1920166015625,1.1590607166290283,865.5199584960938,0.4579120874404907
2023-05-06 09:46:00,12598,101.0,555.0,125.4915771484375,0.32060959935188293,962.3338012695312,3.271796703338623,817.6664428710938,7.535812854766846,60.0,13.6,1608.5875244140625,5.46839714050293,862.8504028320312,2.869011163711548
2023-05-06 09:47:00,12599,101.0,555.0,127.6711654663086,0.5952650308609009,970.6527099609375,3.201883554458618,825.9835815429688,5.368673801422119,60.0,13.61,1622.5220947265625,5.340912342071533,872.2916870117188,2.6842875480651855
2023-05-06 09:48:00,12600,101.0,555.0,127.44503021240234,0.1580720990896225,965.6717529296875,2.439730405807495,818.5139770507812,7.099050998687744,60.0,13.61,1614.37890625,4.10867166519165,869.8377685546875,2.1550216674804688
2023-05-06 09:49:00,12601,101.0,555.0,127.3964614868164,0.16566091775894165,973.8473510742188,4.76179313659668,818.996826171875,5.042035102844238,60.0,13.61,1628.3575439453125,8.162611961364746,878.9143676757812,4.489175796508789
2023-05-06 09:50:00,12602,101.0,555.0,128.23463439941406,0.30686506628990173,984.8067626953125,1.2922966480255127,826.3446655273438,7.1647162437438965,60.0,13.61,1646.4683837890625,2.0340569019317627,890.2564086914062,1.4625957012176514
2023-05-06 09:51:00,12603,101.0,555.0,128.81454467773438,0.11348138004541397,987.6558227539062,1.2017959356307983,827.3814086914062,5.928075790405273,60.0,13.6,1651.2266845703125,2.0407447814941406,893.975830078125,1.4979363679885864
2023-05-06 09:52:00,12604,101.0,555.0,128.89804077148438,0.08348774909973145,990.1593017578125,0.711936354637146,829.5144653320312,5.836927890777588,60.0,13.61,1655.556640625,1.1020334959030151,896.9020385742188,0.8611012101173401
2023-05-06 09:53:00,12605,101.0,555.0,129.4371337890625,0.19336436688899994,991.671875,0.7480385303497314,835.2598266601562,6.183640003204346,60.0,13.61,1658.29296875,1.031577467918396,898.714111328125,0.5676857829093933
2023-05-06 09:54:00,12606,101.0,555.0,130.73001098632812,0.7345121502876282,994.0645751953125,2.1509745121002197,839.2750244140625,6.834737777709961,60.0,13.61,1662.6009521484375,3.43780255317688,901.5419311523438,2.0882821083068848
2023-05-06 09:55:00,12607,101.0,555.0,134.5298309326172,1.5524017810821533,999.012939453125,1.0212260484695435,845.2725219726562,6.5180439949035645,60.0,13.61,1670.67822265625,1.6234887838363647,906.5902099609375,1.2248713970184326
2023-05-06 09:56:00,12608,101.0,555.0,138.3061065673828,0.7128480672836304,1004.6458740234375,2.069737195968628,851.6038208007812,6.673525333404541,60.0,13.6,1679.52490234375,3.4699792861938477,911.820556640625,1.9779746532440186
2023-05-06 09:57:00,12609,101.0,555.0,144.51022338867188,2.432907819747925,1014.5947875976562,2.6253371238708496,857.6351318359375,7.776270389556885,60.0,13.61,1696.0201416015625,4.268380165100098,921.7594604492188,2.7520856857299805
2023-05-06 09:58:00,12610,101.0,555.0,147.29710388183594,1.422504186630249,1027.2884521484375,7.268879413604736,868.7327270507812,14.408574104309082,60.0,13.62,1716.8233642578125,14.053637504577637,935.3216552734375,5.354299068450928
2023-05-06 09:59:00,12611,101.0,555.0,155.8163299560547,2.5336501598358154,1017.0591430664062,4.350663661956787,855.1323852539062,8.41927719116211,60.0,13.61,1700.20703125,7.477846622467041,929.0929565429688,3.3833353519439697
2023-05-06 10:00:00,12612,101.0,555.0,159.43408203125,0.43541064858436584,1024.90869140625,4.51627779006958,859.8124389648438,7.268439292907715,60.0,13.61,1713.4493408203125,7.660483360290527,936.4921875,4.02163028717041
2023-05-06 10:01:00,12613,101.0,555.0,154.95278930664062,3.9842417240142822,537.1116943359375,312.0425720214844,381.7791442871094,283.46380615234375,49.0,13.6,890.4120483398438,524.3870849609375,515.7782592773438,291.8087463378906
2023-05-06 10:02:00,12614,101.0,555.0,160.97943115234375,6.486598014831543,465.9508056640625,242.29307556152344,345.25079345703125,247.39071655273438,60.0,13.61,779.893798828125,412.1298828125,402.6492614746094,192.72845458984375
2023-05-06 10:03:00,12615,101.0,555.0,173.88255310058594,1.701540231704712,1054.625,4.900365829467773,849.5880737304688,13.850235939025879,60.0,13.61,1765.4298095703125,9.1376371383667,972.5529174804688,10.401815414428711
2023-05-06 10:04:00,12616,101.0,555.0,169.65220642089844,0.504062831401825,1044.85205078125,0.5412061214447021,835.270263671875,5.276616096496582,60.0,13.61,1747.670654296875,1.0108033418655396,968.4000244140625,0.7066332697868347
2023-05-06 10:05:00,12617,101.0,555.0,173.38885498046875,2.151258707046509,1048.027099609375,1.9456650018692017,816.8423461914062,7.084578514099121,60.0,13.61,1752.198486328125,2.999890089035034,972.6407470703125,2.2839956283569336
2023-05-06 10:06:00,12618,101.0,555.0,180.37158203125,1.9938430786132812,1051.502197265625,0.9512901902198792,803.5125122070312,7.14293909072876,60.0,13.6,1757.5174560546875,1.5245029926300049,976.908935546875,0.9576238393783569
2023-05-06 10:07:00,12619,101.0,555.0,190.10675048828125,3.83124041557312,1060.225341796875,3.5672295093536377,790.5795288085938,6.760757923126221,60.0,13.61,1772.265380859375,5.829399585723877,985.1154174804688,3.0243239402770996
2023-05-06 10:08:00,12620,101.0,555.0,203.8560333251953,4.107090950012207,1072.593017578125,2.3459267616271973,791.3870239257812,10.055006980895996,60.0,13.61,1793.2005615234375,4.092060089111328,995.3316650390625,2.1898603439331055
2023-05-06 10:09:00,12621,101.0,555.0,216.1233673095703,2.6304566860198975,1079.940673828125,2.2557790279388428,781.8377075195312,6.413657188415527,60.0,13.61,1806.17919921875,4.045643329620361,1001.0891723632812,1.6262990236282349
2023-05-06 10:10:00,12622,101.0,555.0,222.63026428222656,1.5182615518569946,1087.09912109375,2.2544121742248535,782.508544921875,5.784416198730469,60.0,13.61,1818.641357421875,3.69773006439209,1006.2240600585938,1.7582110166549683
2023-05-06 10:11:00,12623,101.0,555.0,228.0088653564453,1.0901362895965576,1084.8499755859375,27.60039520263672,769.8818969726562,40.18087387084961,60.0,13.6,1813.9708251953125,48.09444808959961,1007.1948852539062,15.46935749053955
2023-05-06 10:12:00,12624,101.0,555.0,236.9025421142578,4.525838375091553,1073.0037841796875,68.50691986083984,755.7905883789062,68.43355560302734,60.0,13.61,1793.01708984375,118.87450408935547,986.607177734375,58.075294494628906
2023-05-06 10:13:00,12625,101.0,555.0,253.75621032714844,7.089418411254883,856.7846069335938,240.44020080566406,520.2167358398438,242.1107940673828,58.0,13.61,1428.43896484375,405.5110168457031,807.3287353515625,202.4910125732422
2023-05-06 10:14:00,12626,101.0,555.0,300.5216369628906,12.998942375183105,1085.6273193359375,188.31480407714844,736.3033447265625,154.95248413085938,58.0,13.61,1815.0169677734375,318.6504821777344,972.2088623046875,186.52142333984375
2023-05-06 10:15:00,12627,101.0,555.0,337.9190979003906,9.602859497070312,1167.1663818359375,38.5865478515625,767.1034545898438,47.63111114501953,60.0,13.61,1952.933837890625,64.35152435302734,1074.4583740234375,25.888208389282227
2023-05-06 10:16:00,12628,101.0,555.0,367.2408142089844,3.4996676445007324,1194.568359375,55.56517791748047,756.9986572265625,69.07853698730469,60.0,13.6,1997.2108154296875,95.70282745361328,1101.6182861328125,44.666053771972656
2023-05-06 10:17:00,12629,101.0,555.0,365.7936706542969,5.657195091247559,972.5504760742188,225.26759338378906,534.8646850585938,232.3546905517578,52.0,13.61,1621.0389404296875,381.3050842285156,913.8883056640625,171.95513916015625
2023-05-06 10:18:00,12630,101.0,555.0,365.9252624511719,7.298508167266846,476.1088562011719,37.64857482910156,102.20643615722656,49.36593246459961,6.0,13.61,790.975830078125,65.92267608642578,419.06414794921875,24.704368591308594
2023-05-06 10:19:00,12631,101.0,555.0,382.8320617675781,4.005817890167236,887.4414672851562,252.85997009277344,495.56756591796875,236.72097778320312,60.0,13.61,1488.59130859375,426.7760314941406,809.7721557617188,228.92166137695312
2023-05-06 10:20:00,12632,101.0,555.0,371.8601379394531,1.7912875413894653,726.2537841796875,95.01248931884766,354.4041748046875,98.62923431396484,60.0,13.61,1210.3663330078125,161.1842803955078,675.075439453125,84.87114715576172
2023-05-06 10:21:00,12633,101.0,555.0,378.04327392578125,2.2695744037628174,1054.0140380859375,116.3035888671875,679.6351928710938,108.66560363769531,60.0,13.6,1762.4278564453125,196.49720764160156,982.863525390625,98.4381103515625
2023-05-06 10:22:00,12634,101.0,555.0,375.71435546875,6.04312801361084,1059.4422607421875,166.76609802246094,689.031982421875,165.8935546875,60.0,13.61,1769.4498291015625,282.3031921386719,1008.0386352539062,138.72727966308594
2023-05-06 10:23:00,12635,101.0,555.0,361.96380615234375,8.932415962219238,952.9795532226562,186.74624633789062,609.4131469726562,179.70498657226562,60.0,13.62,1589.310791015625,315.3277587890625,914.1057739257812,158.1931915283203
2023-05-06 10:24:00,12636,101.0,555.0,342.8021240234375,2.63450026512146,861.1578369140625,170.13783264160156,570.4014892578125,180.5823516845703,60.0,13.61,1439.443603515625,289.02923583984375,809.9848022460938,149.09434509277344
2023-05-06 10:25:00,12637,101.0,555.0,334.18743896484375,2.9937355518341064,1152.530029296875,81.1996841430664,872.9446411132812,84.65840911865234,60.0,13.62,1929.317626953125,135.42654418945312,1118.231689453125,73.89746856689453
2023-05-06 10:26:00,12638,101.0,555.0,319.9220275878906,3.449620008468628,1177.721923828125,31.179500579833984,912.9955444335938,32.371150970458984,60.0,13.61,1970.121826171875,52.14540100097656,1154.9197998046875,24.9894962310791
2023-05-06 10:27:00,12639,101.0,555.0,309.39971923828125,1.5817559957504272,1189.000732421875,3.4720375537872314,924.5476684570312,3.765310049057007,60.0,13.62,1987.6722412109375,5.847639083862305,1171.5203857421875,4.0145792961120605
2023-05-06 10:28:00,12640,101.0,555.0,300.4142150878906,2.7261815071105957,1120.668701171875,60.66330337524414,874.1325073242188,60.53769302368164,60.0,13.62,1875.1500244140625,101.76787567138672,1110.635986328125,49.51887130737305
2023-05-06 10:29:00,12641,101.0,555.0,288.6641845703125,5.275844097137451,1023.4940185546875,92.39207458496094,772.496337890625,95.92247772216797,60.0,13.61,1708.262451171875,157.1188507080078,1026.32958984375,82.26236724853516
2023-05-06 10:30:00,12642,101.0,555.0,281.06109619140625,2.7698323726654053,1122.5789794921875,68.7737045288086,898.9816284179688,57.163352966308594,60.0,13.61,1877.798583984375,114.95591735839844,1110.1263427734375,66.98605346679688
2023-05-06 10:31:00,12643,101.0,555.0,270.1175537109375,1.342583417892456,1103.5938720703125,58.713687896728516,873.4457397460938,62.35204315185547,60.0,13.61,1843.8187255859375,99.9059066772461,1102.869384765625,52.80397033691406
2023-05-06 10:32:00,12644,101.0,555.0,274.3395690917969,2.344904899597168,1150.489501953125,1.704645037651062,915.8700561523438,5.34834098815918,60.0,13.61,1922.7569580078125,2.620861768722534,1151.9180908203125,2.2260971069335938
2023-05-06 10:33:00,12645,101.0,555.0,271.9525146484375,6.910611629486084,1137.4542236328125,58.234107971191406,894.523193359375,86.46084594726562,60.0,13.61,1900.074462890625,101.04719543457031,1150.9720458984375,31.715463638305664
2023-05-06 10:34:00,12646,101.0,555.0,233.3108367919922,7.790192604064941,805.6769409179688,88.75955963134766,616.3350219726562,89.44811248779297,60.0,13.61,1343.08740234375,149.96290588378906,830.6342163085938,64.2492446899414
2023-05-06 10:35:00,12647,101.0,555.0,219.0614776611328,4.696630477905273,1021.0885009765625,105.65070343017578,863.0488891601562,100.09208679199219,60.0,13.61,1708.669677734375,178.63636779785156,1027.1873779296875,107.955810546875
2023-05-06 10:36:00,12648,101.0,555.0,202.57850646972656,4.20633602142334,1036.7742919921875,57.526817321777344,871.2029418945312,50.78178787231445,60.0,13.6,1732.85693359375,96.0945053100586,1062.8280029296875,52.09012985229492
2023-05-06 10:37:00,12649,101.0,555.0,186.85665893554688,4.686979293823242,1063.426513671875,7.413961410522461,899.236572265625,9.587990760803223,60.0,13.61,1777.36474609375,12.500580787658691,1089.49462890625,7.625424861907959
2023-05-06 10:38:00,12650,101.0,555.0,171.85316467285156,4.15473747253418,1041.6641845703125,5.948229789733887,884.0621948242188,8.187718391418457,60.0,13.61,1740.8243408203125,9.938916206359863,1065.1561279296875,6.724534034729004
2023-05-06 10:39:00,12651,101.0,555.0,157.66819763183594,4.508890628814697,975.7181396484375,64.48898315429688,821.1070556640625,63.187496185302734,60.0,13.61,1631.2733154296875,107.00721740722656,998.9237060546875,59.664676666259766
2023-05-06 10:40:00,12652,101.0,555.0,150.59486389160156,2.1799330711364746,1019.8754272460938,3.714320182800293,862.431396484375,6.277659893035889,60.0,13.61,1704.5697021484375,6.1895341873168945,1032.487060546875,10.316558837890625
2023-05-06 10:41:00,12653,101.0,555.0,144.44586181640625,1.240449070930481,1010.3047485351562,1.4065362215042114,846.8527221679688,4.814109802246094,60.0,13.6,1688.5689697265625,2.515050172805786,1024.216796875,1.9779788255691528
2023-05-06 10:42:00,12654,101.0,555.0,139.6791229248047,1.4048316478729248,1004.0916137695312,1.9660465717315674,838.384521484375,5.887356281280518,60.0,13.61,1678.10693359375,3.4577443599700928,1016.701904296875,2.528683662414551
2023-05-06 10:43:00,12655,101.0,555.0,135.07508850097656,1.1551862955093384,999.3323364257812,2.0705082416534424,829.2843627929688,7.332788467407227,60.0,13.61,1669.7440185546875,3.514920473098755,1010.239501953125,2.2468931674957275
2023-05-06 10:44:00,12656,101.0,555.0,131.4718780517578,0.7819045782089233,991.3132934570312,1.3522632122039795,820.9309692382812,5.378387928009033,60.0,13.61,1656.2379150390625,2.1974105834960938,1000.594482421875,1.3333390951156616
2023-05-06 10:45:00,12657,101.0,555.0,129.75192260742188,0.2868378758430481,994.6708984375,0.5548917651176453,817.9818725585938,6.127798557281494,60.0,13.61,1662.0294189453125,0.9332168102264404,1004.6026000976562,1.2085461616516113
2023-05-06 10:46:00,12658,101.0,555.0,130.03172302246094,0.4426591694355011,996.0530395507812,0.9642797112464905,817.8613891601562,5.068758010864258,60.0,13.61,1664.17236328125,1.9944206476211548,1006.1784057617188,1.4151103496551514
2023-05-06 10:47:00,12659,101.0,555.0,131.59896850585938,0.3079034686088562,1000.0104370117188,1.0908420085906982,815.1488647460938,2.832496166229248,60.0,13.62,1671.293701171875,1.8004032373428345,1011.6815795898438,1.4717527627944946
2023-05-06 10:48:00,12660,101.0,555.0,132.25799560546875,0.1560271829366684,1002.5987548828125,1.151524305343628,823.9190673828125,6.092041015625,60.0,13.62,1675.1400146484375,1.8037574291229248,1015.9681396484375,0.9512129426002502
2023-05-06 10:49:00,12661,101.0,555.0,131.81088256835938,0.20595666766166687,1000.4602661132812,0.640257716178894,821.0816040039062,6.266517162322998,60.0,13.62,1671.28271484375,1.1598646640777588,1015.9340209960938,0.3663192093372345
2023-05-06 10:50:00,12662,101.0,555.0,131.46978759765625,0.13515987992286682,999.4041137695312,0.7871150970458984,822.7418212890625,5.089603900909424,60.0,13.62,1669.1068115234375,1.397847056388855,1016.2360229492188,0.937476396560669
2023-05-06 10:51:00,12663,101.0,555.0,130.85743713378906,0.17546360194683075,1001.4904174804688,0.8828423619270325,821.9940795898438,6.372261047363281,60.0,13.61,1672.77734375,1.475822925567627,1019.6922607421875,0.8233095407485962
2023-05-06 10:52:00,12664,101.0,555.0,131.99710083007812,0.9422768354415894,1003.231201171875,1.1796461343765259,816.5902099609375,5.326059341430664,60.0,13.62,1675.9312744140625,1.9755585193634033,1022.680419921875,1.4181948900222778
2023-05-06 10:53:00,12665,101.0,555.0,137.55543518066406,2.1232118606567383,1011.9022216796875,2.7812089920043945,817.8980712890625,5.402290344238281,60.0,13.62,1690.5364990234375,4.877912521362305,1031.5274658203125,2.9948203563690186
2023-05-06 10:54:00,12666,101.0,555.0,144.97955322265625,2.6686079502105713,1021.8250732421875,2.7949137687683105,807.054443359375,5.189455986022949,60.0,13.62,1707.03173828125,4.855021953582764,1043.2130126953125,3.3614718914031982
2023-05-06 10:55:00,12667,101.0,555.0,152.19110107421875,1.3544167280197144,1027.249267578125,0.5950685739517212,809.9060668945312,5.598387718200684,60.0,13.62,1716.1968994140625,0.9583151936531067,1050.966552734375,0.8409817814826965
2023-05-06 10:56:00,12668,101.0,555.0,155.76803588867188,0.5140246152877808,1026.564697265625,0.7432628870010376,812.0072631835938,4.376553535461426,60.0,13.61,1715.097900390625,0.8985152840614319,1052.1536865234375,0.3837677836418152
2023-05-06 10:57:00,12669,101.0,555.0,155.19976806640625,0.3398207724094391,1025.6910400390625,0.9058231711387634,821.5465087890625,3.270209550857544,60.0,13.62,1713.833984375,1.7507169246673584,1053.2379150390625,0.6221470236778259
2023-05-06 10:58:00,12670,101.0,555.0,157.4088592529297,1.9239468574523926,1023.1483764648438,0.7802963256835938,815.4608764648438,5.557961463928223,60.0,13.61,1709.097412109375,1.2797235250473022,1051.16259765625,0.519513726234436
2023-05-06 10:59:00,12671,101.0,555.0,160.70809936523438,0.06775946915149689,1018.8453979492188,3.092832326889038,798.5761108398438,3.55784010887146,60.0,13.61,1702.140869140625,5.232822895050049,1049.0650634765625,2.963120460510254
2023-05-06 11:00:00,12672,101.0,555.0,160.77099609375,0.5195056796073914,1018.108642578125,1.1570963859558105,788.4934692382812,7.656194686889648,60.0,13.61,1700.32763671875,1.8700419664382935,1049.458984375,1.1437580585479736
2023-05-06 11:01:00,12673,101.0,555.0,160.23744201660156,1.550910472869873,1014.2816162109375,2.2251136302948,782.7933349609375,5.8652238845825195,60.0,13.61,1694.0416259765625,3.795771837234497,1047.2335205078125,2.146744966506958
2023-05-06 11:02:00,12674,101.0,555.0,153.27708435058594,2.208836793899536,1012.7365112304688,3.9432106018066406,787.4268188476562,7.016328811645508,60.0,13.61,1691.3162841796875,6.3962249755859375,1045.3072509765625,3.638026714324951
2023-05-06 11:03:00,12675,101.0,555.0,147.25186157226562,0.8280903100967407,1003.335205078125,2.9819111824035645,770.621337890625,5.840233325958252,60.0,13.61,1675.8758544921875,4.973928451538086,1035.4930419921875,2.898597478866577
2023-05-06 11:04:00,12676,101.0,555.0,147.96484375,1.038968801498413,1006.5885009765625,1.0407655239105225,779.0018310546875,5.892587661743164,60.0,13.61,1681.447509765625,1.680490493774414,1040.389404296875,0.47483664751052856
2023-05-06 11:05:00,12677,101.0,555.0,151.4529571533203,0.7112818956375122,1012.0584716796875,3.750739574432373,787.9075927734375,3.9518516063690186,60.0,13.62,1690.48095703125,6.409120082855225,1047.04345703125,4.51593017578125
2023-05-06 11:06:00,12678,101.0,555.0,153.29652404785156,0.3140101432800293,1015.0640258789062,1.6698760986328125,792.0223999023438,5.4948015213012695,60.0,13.61,1695.7779541015625,2.6314218044281006,1052.9813232421875,1.581268072128296
2023-05-06 11:07:00,12679,101.0,555.0,151.6061553955078,0.8882958889007568,1015.7159423828125,0.33012473583221436,792.3460693359375,5.728549003601074,60.0,13.62,1696.7890625,0.6556839346885681,1055.8394775390625,0.5334666967391968
2023-05-06 11:08:00,12680,101.0,555.0,147.2939453125,1.6791326999664307,1009.0072631835938,2.264435291290283,789.8946533203125,6.200571060180664,60.0,13.61,1685.5577392578125,3.669872999191284,1050.6856689453125,2.04447078704834
2023-05-06 11:09:00,12681,101.0,555.0,141.53594970703125,1.2775501012802124,1003.5895385742188,1.7745212316513062,791.5557861328125,5.640355587005615,60.0,13.61,1676.5682373046875,2.9894890785217285,1047.654052734375,1.3269538879394531
2023-05-06 11:10:00,12682,101.0,555.0,138.79966735839844,0.39938604831695557,999.7885131835938,3.8085904121398926,795.9490966796875,7.051705837249756,60.0,13.61,1670.337158203125,6.301637172698975,1048.037353515625,2.6967613697052
2023-05-06 11:11:00,12683,101.0,555.0,137.31362915039062,0.6634712219238281,990.3612060546875,2.44980788230896,787.3086547851562,7.654380798339844,60.0,13.6,1654.501220703125,4.00322151184082,1040.664794921875,2.157219648361206
2023-05-06 11:12:00,12684,101.0,555.0,137.21304321289062,0.3356686532497406,998.4390258789062,2.860501527786255,789.6884155273438,4.179842948913574,60.0,13.61,1667.7215576171875,4.761848449707031,1048.9700927734375,3.416588544845581
2023-05-06 11:13:00,12685,101.0,555.0,138.09034729003906,0.17320483922958374,1004.4240112304688,0.5406135320663452,780.3341064453125,7.064934730529785,60.0,13.62,1678.2716064453125,1.0468926429748535,1056.93603515625,1.2437957525253296
2023-05-06 11:14:00,12686,101.0,555.0,138.35386657714844,0.11564174294471741,1005.0889892578125,0.7862505316734314,783.5082397460938,5.766168594360352,60.0,13.62,1679.645263671875,1.311395525932312,1060.597412109375,1.4180762767791748
2023-05-06 11:15:00,12687,101.0,555.0,140.41909790039062,1.2407989501953125,1008.257568359375,1.2025282382965088,789.7325439453125,6.3266167640686035,60.0,13.62,1685.0081787109375,1.859021782875061,1066.4232177734375,1.5670567750930786
2023-05-06 11:16:00,12688,101.0,555.0,146.16297912597656,2.2556111812591553,1009.822265625,0.3153823912143707,789.0775146484375,4.588521957397461,60.0,13.61,1688.0743408203125,0.9016128182411194,1069.8096923828125,1.3063651323318481
2023-05-06 11:17:00,12689,101.0,555.0,152.3488006591797,1.2417107820510864,1009.5679931640625,0.8829144835472107,795.0138549804688,3.500713348388672,60.0,13.62,1688.4149169921875,1.5508882999420166,1074.3294677734375,0.8971608877182007
2023-05-06 11:18:00,12690,101.0,555.0,154.81263732910156,0.2534586787223816,1003.9871826171875,2.2269370555877686,798.0364379882812,4.085937976837158,60.0,13.62,1678.579345703125,3.923306941986084,1071.1314697265625,2.768153429031372
2023-05-06 11:19:00,12691,101.0,555.0,154.88497924804688,0.8876438140869141,1012.4627075195312,2.389726161956787,808.0136108398438,7.332808971405029,60.0,13.62,1693.008544921875,4.016589641571045,1084.3231201171875,2.6205294132232666
2023-05-06 11:20:00,12692,101.0,555.0,149.8020782470703,1.401271104812622,1004.1827392578125,2.6943910121917725,810.4002685546875,5.37482213973999,60.0,13.62,1679.0738525390625,4.337968826293945,1078.7694091796875,1.8169652223587036
2023-05-06 11:21:00,12693,101.0,555.0,146.83364868164062,0.6487988233566284,996.1048583984375,1.9925158023834229,816.5267333984375,6.383202075958252,60.0,13.61,1665.3148193359375,3.3561205863952637,1073.206787109375,1.298270344734192
2023-05-06 11:22:00,12694,101.0,555.0,144.61187744140625,0.6120724081993103,987.9814453125,2.3586461544036865,819.6744384765625,5.23867130279541,60.0,13.62,1651.61083984375,4.070923805236816,1067.6800537109375,1.853033185005188
2023-05-06 11:23:00,12695,101.0,555.0,141.73631286621094,0.802808940410614,981.5791625976562,1.2841640710830688,825.0374755859375,6.534156322479248,60.0,13.62,1640.8189697265625,2.134661912918091,1062.2247314453125,1.1897810697555542
2023-05-06 11:24:00,12696,101.0,555.0,139.9354705810547,0.3400783836841583,978.5670776367188,2.8613953590393066,825.6804809570312,6.629160404205322,60.0,13.62,1636.1043701171875,4.918582439422607,1060.5740966796875,2.7138495445251465
2023-05-06 11:25:00,12697,101.0,555.0,138.05630493164062,0.558139443397522,973.2340698242188,1.499733567237854,820.3359985351562,6.6473541259765625,60.0,13.62,1627.224853515625,2.5598814487457275,1055.2850341796875,1.3493894338607788
2023-05-06 11:26:00,12698,101.0,555.0,136.78854370117188,0.26740315556526184,973.1232299804688,1.1789252758026123,819.2887573242188,5.7110419273376465,60.0,13.61,1627.2908935546875,2.0460617542266846,1056.226318359375,1.7946228981018066
2023-05-06 11:27:00,12699,101.0,555.0,135.6265411376953,0.3939658999443054,970.2415161132812,1.5425429344177246,812.2508544921875,6.089608669281006,60.0,13.61,1622.2686767578125,2.3574938774108887,1054.19189453125,1.4949311017990112
2023-05-06 11:28:00,12700,101.0,555.0,134.75143432617188,0.13611707091331482,968.4225463867188,0.4982249438762665,813.3355102539062,6.319847106933594,60.0,13.62,1619.1585693359375,0.80936199426651,1052.5557861328125,0.46733003854751587
2023-05-06 11:29:00,12701,101.0,555.0,134.941162109375,0.25741487741470337,968.1682739257812,0.7159368395805359,801.6754150390625,4.674117088317871,60.0,13.62,1618.740966796875,1.1226681470870972,1053.63525390625,0.7990160584449768
2023-05-06 11:30:00,12702,101.0,555.0,136.19119262695312,0.4656936526298523,972.2300415039062,2.308948278427124,809.1353149414062,3.4704506397247314,60.0,13.62,1625.6644287109375,3.9295315742492676,1058.0291748046875,3.1947526931762695
2023-05-06 11:31:00,12703,101.0,555.0,137.17709350585938,0.22425159811973572,972.8037719726562,1.831268072128296,801.8757934570312,5.855322360992432,60.0,13.61,1626.9500732421875,2.7982470989227295,1060.516845703125,1.394941806793213
2023-05-06 11:32:00,12704,101.0,555.0,136.48426818847656,0.48003560304641724,949.3853149414062,31.357858657836914,782.5414428710938,34.591556549072266,60.0,13.62,1586.3009033203125,56.18021011352539,1037.1619873046875,30.414369583129883
2023-05-06 11:33:00,12705,101.0,555.0,137.13735961914062,0.3062249720096588,964.5890502929688,1.9913713932037354,801.5232543945312,4.582874774932861,60.0,13.62,1613.4989013671875,3.1241886615753174,1055.079345703125,3.613713264465332
2023-05-06 11:34:00,12706,101.0,555.0,135.30442810058594,0.5175643563270569,962.9135131835938,0.8089257478713989,799.6287231445312,6.797577381134033,60.0,13.62,1610.22412109375,1.337442398071289,1056.207275390625,0.8077186346054077
2023-05-06 11:35:00,12707,101.0,555.0,134.49844360351562,0.12901060283184052,965.4365844726562,2.0187103748321533,799.8264770507812,4.673177242279053,60.0,13.61,1614.3671875,3.3807787895202637,1060.600341796875,2.422133445739746
2023-05-06 11:36:00,12708,101.0,555.0,135.80894470214844,0.5815942287445068,970.8739624023438,1.326307773590088,810.775390625,7.337402820587158,60.0,13.6,1623.664306640625,2.2111852169036865,1066.939697265625,1.267999291419983
2023-05-06 11:37:00,12709,101.0,555.0,137.18223571777344,0.23086179792881012,970.3197631835938,0.8761430382728577,810.6756591796875,6.029513835906982,60.0,13.62,1622.58740234375,1.3121529817581177,1066.7327880859375,0.6165464520454407
2023-05-06 11:38:00,12710,101.0,555.0,138.4035186767578,0.3902561366558075,970.0458984375,0.40709492564201355,809.1461181640625,4.522810459136963,60.0,13.62,1622.059814453125,0.712213933467865,1067.4874267578125,0.5009654760360718
2023-05-06 11:39:00,12711,101.0,555.0,139.26731872558594,0.10619378089904785,967.8031616210938,1.3290175199508667,813.0419311523438,7.902956485748291,60.0,13.62,1618.1146240234375,2.3697397708892822,1066.4786376953125,0.7478021383285522
2023-05-06 11:40:00,12712,101.0,555.0,138.63404846191406,0.35309430956840515,962.4896850585938,1.4381531476974487,811.3759765625,5.524150371551514,60.0,13.62,1609.114013671875,2.6401515007019043,1062.9698486328125,1.09159255027771
2023-05-06 11:41:00,12713,101.0,555.0,136.89463806152344,0.7333956360816956,956.8567504882812,1.933184027671814,817.5313110351562,6.3705339431762695,60.0,13.61,1599.70703125,3.2497129440307617,1058.750732421875,1.430936336517334
2023-05-06 11:42:00,12714,101.0,555.0,133.8640899658203,0.8743671774864197,954.1903076171875,0.8778694868087769,827.7186279296875,3.714416027069092,60.0,13.62,1595.0914306640625,1.189919352531433,1058.784912109375,1.4216740131378174
2023-05-06 11:43:00,12715,101.0,555.0,130.86227416992188,0.8380931615829468,954.3923950195312,0.6615356802940369,824.1771240234375,5.281300067901611,60.0,13.62,1595.981689453125,1.0315543413162231,1062.394775390625,0.67881840467453
2023-05-06 11:44:00,12716,101.0,555.0,128.8555908203125,0.30500316619873047,951.6802368164062,0.9830511212348938,826.5285034179688,2.7697904109954834,60.0,13.62,1592.1021728515625,1.4663587808609009,1062.2308349609375,0.766139805316925
2023-05-06 11:45:00,12717,101.0,555.0,128.18423461914062,0.14487746357917786,950.317626953125,0.562764048576355,833.4566650390625,7.407802104949951,60.0,13.62,1590.3328857421875,0.9175352454185486,1062.265869140625,0.9952405691146851
2023-05-06 11:46:00,12718,101.0,555.0,128.2593231201172,0.3022421896457672,949.8286743164062,0.616297721862793,834.6152954101562,5.251522541046143,60.0,13.61,1589.3109130859375,0.9975784420967102,1064.4107666015625,0.495262086391449
2023-05-06 11:47:00,12719,101.0,555.0,129.51480102539062,0.30689412355422974,949.9721069335938,0.37452080845832825,840.430419921875,5.842902660369873,60.0,13.63,1589.75048828125,0.5897520184516907,1066.6671142578125,0.8066715002059937
2023-05-06 11:48:00,12720,101.0,555.0,130.5974884033203,0.35846081376075745,950.4740600585938,0.5154584646224976,840.4876708984375,6.639747619628906,60.0,13.63,1590.431884765625,0.7016096711158752,1069.2470703125,0.8474224209785461
2023-05-06 11:49:00,12721,101.0,555.0,131.56654357910156,0.23289400339126587,949.059326171875,1.002854585647583,842.2030029296875,5.995057106018066,60.0,13.62,1587.5635986328125,1.8434484004974365,1069.312255859375,0.9354520440101624
2023-05-06 11:50:00,12722,101.0,555.0,131.78140258789062,0.09091921895742416,945.6756591796875,1.2318196296691895,842.623779296875,3.9305367469787598,60.0,13.62,1581.453369140625,2.30399751663208,1066.1810302734375,1.3621184825897217
2023-05-06 11:51:00,12723,101.0,555.0,131.3986358642578,0.09038098156452179,941.2684326171875,0.8618420958518982,833.9940795898438,3.5373613834381104,60.0,13.61,1574.3101806640625,1.264276385307312,1062.3035888671875,0.7427064776420593
2023-05-06 11:52:00,12724,101.0,555.0,131.3330535888672,0.04943859949707985,939.9254760742188,0.2524149715900421,831.3148803710938,2.9935355186462402,60.0,13.62,1572.3321533203125,0.5287365913391113,1061.7232666015625,0.4830932319164276
2023-05-06 11:53:00,12725,101.0,555.0,131.2438507080078,0.0620611198246479,939.9058837890625,0.42472395300865173,834.9033813476562,6.035736083984375,60.0,13.62,1572.013427734375,0.6220322847366333,1062.439453125,0.3489629030227661
2023-05-06 11:54:00,12726,101.0,555.0,131.50538635253906,0.22128701210021973,938.7844848632812,0.6415735483169556,828.1474609375,5.339356899261475,60.0,13.61,1569.6837158203125,0.9954066872596741,1062.260986328125,0.39116641879081726
2023-05-06 11:55:00,12727,101.0,555.0,132.70126342773438,0.3304094970226288,938.3933715820312,0.3326898515224457,825.4791870117188,7.324317455291748,60.0,13.61,1568.9254150390625,0.5683742761611938,1062.667724609375,0.45477184653282166
2023-05-06 11:56:00,12728,101.0,555.0,133.3629913330078,0.15463176369667053,936.6982421875,1.147984266281128,823.333251953125,4.824713230133057,60.0,13.61,1566.14501953125,1.9919909238815308,1061.98486328125,1.1660062074661255
2023-05-06 11:57:00,12729,101.0,555.0,133.7279510498047,0.057319700717926025,931.2412719726562,0.9584417343139648,814.9192504882812,7.665571689605713,60.0,13.62,1556.9906005859375,1.520384430885315,1057.0113525390625,0.9648130536079407
2023-05-06 11:58:00,12730,101.0,555.0,133.59799194335938,0.08444675803184509,930.3676147460938,0.97947758436203,813.5113525390625,6.207018852233887,60.0,13.62,1555.9136962890625,1.5580028295516968,1057.1629638671875,0.6165370345115662
2023-05-06 11:59:00,12731,101.0,555.0,133.8255157470703,0.06480827927589417,929.4940185546875,0.8261869549751282,808.1519165039062,6.478056907653809,60.0,13.62,1554.6937255859375,1.3086166381835938,1057.5145263671875,0.5854406952857971
2023-05-06 12:00:00,12732,101.0,555.0,134.451171875,0.372652530670166,929.5396728515625,1.061389446258545,809.4578247070312,5.766784191131592,60.0,13.62,1554.73779296875,1.808565616607666,1058.4371337890625,1.758158802986145
2023-05-06 12:01:00,12733,101.0,555.0,135.70687866210938,0.3262763023376465,933.9207763671875,2.229426622390747,813.0576782226562,1.4768837690353394,60.0,13.6,1561.8919677734375,3.6783807277679443,1064.731201171875,2.832791566848755
2023-05-06 12:02:00,12734,101.0,555.0,136.84646606445312,0.512153148651123,938.1389770507812,0.3685406446456909,799.692626953125,5.47403621673584,60.0,13.62,1568.947265625,0.5826447606086731,1070.9864501953125,0.5819240212440491
2023-05-06 12:03:00,12735,101.0,555.0,139.9088592529297,1.1555286645889282,938.1715698242188,0.6088302731513977,814.9314575195312,5.7651848793029785,60.0,13.62,1568.892333984375,0.8761268258094788,1072.4346923828125,0.9070701599121094
2023-05-06 12:04:00,12736,101.0,555.0,143.59625244140625,0.6098560094833374,938.3606567382812,0.8819530010223389,814.5681762695312,5.241122245788574,60.0,13.62,1569.287841796875,1.3881417512893677,1075.2698974609375,0.4503842890262604
2023-05-06 12:05:00,12737,101.0,555.0,141.75286865234375,1.402100920677185,932.1670532226562,3.3948068618774414,823.4252319335938,5.383843421936035,60.0,13.62,1558.9576416015625,5.685296535491943,1071.3511962890625,2.8969881534576416
2023-05-06 12:06:00,12738,101.0,555.0,137.6441192626953,0.6597194671630859,925.2953491210938,3.150773525238037,827.501953125,7.087389945983887,60.0,13.61,1547.2098388671875,5.256411075592041,1065.8013916015625,2.7827672958374023
2023-05-06 12:07:00,12739,101.0,555.0,141.3453826904297,2.264711856842041,926.6123046875,1.102014422416687,832.9071044921875,5.333556652069092,60.0,13.63,1549.2979736328125,1.7479618787765503,1067.15185546875,1.487282156944275
2023-05-06 12:08:00,12740,101.0,555.0,145.9429473876953,0.3954571783542633,928.0401000976562,1.3576604127883911,831.646728515625,7.033095359802246,60.0,13.62,1552.0013427734375,2.090747356414795,1069.0953369140625,1.1715203523635864
2023-05-06 12:09:00,12741,101.0,555.0,145.8310546875,0.22093765437602997,925.1910400390625,0.4274671971797943,828.0358276367188,4.8748087882995605,60.0,13.63,1547.1878662109375,0.9280074834823608,1065.8114013671875,0.8516132831573486
2023-05-06 12:10:00,12742,101.0,555.0,144.77252197265625,0.4203200340270996,927.9227905273438,1.1548532247543335,816.6919555664062,5.578597068786621,60.0,13.63,1551.539794921875,1.889784574508667,1069.1187744140625,1.2802239656448364
2023-05-06 12:11:00,12743,101.0,555.0,143.30770874023438,0.357317715883255,921.5335083007812,2.827841281890869,810.0945434570312,5.286953926086426,60.0,13.61,1540.6270751953125,5.092559337615967,1062.508544921875,3.2068607807159424
2023-05-06 12:12:00,12744,101.0,555.0,143.0290985107422,0.17560657858848572,918.1107177734375,1.13694167137146,801.294189453125,2.433420419692993,60.0,13.63,1535.3961181640625,2.1378679275512695,1060.5511474609375,1.8603522777557373
2023-05-06 12:13:00,12745,101.0,555.0,143.28680419921875,0.21689124405384064,921.279296875,1.417298674583435,810.8666381835938,4.632315158843994,60.0,13.62,1541.5062255859375,2.4735076427459717,1066.5142822265625,2.4662795066833496
2023-05-06 12:14:00,12746,101.0,555.0,140.09727478027344,1.3336138725280762,915.5289916992188,3.4127659797668457,831.3856201171875,4.205183982849121,60.0,13.62,1531.681640625,5.8542914390563965,1064.6009521484375,2.8408560752868652
2023-05-06 12:15:00,12747,101.0,555.0,137.24832153320312,0.27459636330604553,911.2325439453125,1.7717922925949097,831.419677734375,5.053520202636719,60.0,13.62,1524.747314453125,3.088721513748169,1064.6575927734375,1.1464661359786987
2023-05-06 12:16:00,12748,101.0,555.0,133.08712768554688,2.031684637069702,890.852294921875,16.304746627807617,821.4157104492188,16.198471069335938,60.0,13.6,1491.3829345703125,26.494871139526367,1044.2159423828125,16.548311233520508
2023-05-06 12:17:00,12749,101.0,555.0,124.68744659423828,6.791452884674072,686.0098876953125,279.19219970703125,605.2118530273438,301.91168212890625,52.0,13.62,1143.601318359375,474.1153869628906,802.2737426757812,306.8229064941406
2023-05-06 12:18:00,12750,101.0,555.0,131.00038146972656,1.4124442338943481,887.2012939453125,10.026122093200684,824.6973266601562,12.140933990478516,60.0,13.62,1484.63525390625,17.1645450592041,1046.2354736328125,11.1174898147583
2023-05-06 12:19:00,12751,101.0,555.0,127.48342895507812,0.2305556982755661,893.5122680664062,0.8116925954818726,832.998046875,6.9357781410217285,60.0,13.62,1494.5699462890625,1.4882198572158813,1054.81982421875,0.8087751865386963
2023-05-06 12:20:00,12752,101.0,555.0,129.90599060058594,1.9241089820861816,896.648193359375,3.0780587196350098,827.558837890625,4.91118049621582,60.0,13.62,1499.932861328125,5.26135778427124,1056.7520751953125,3.1316025257110596
2023-05-06 12:21:00,12753,101.0,555.0,137.7692413330078,2.2889695167541504,905.2344970703125,3.4794013500213623,829.3738403320312,6.517765998840332,60.0,13.61,1514.7357177734375,5.600625038146973,1064.633056640625,3.521583080291748
2023-05-06 12:22:00,12754,101.0,555.0,142.91851806640625,0.6737377047538757,911.421630859375,0.3939353823661804,839.5214233398438,7.209712505340576,60.0,13.62,1524.879150390625,0.6712468862533569,1073.3599853515625,1.2799475193023682
2023-05-06 12:23:00,12755,101.0,555.0,139.09010314941406,1.5457817316055298,909.1593017578125,1.17171049118042,851.016845703125,4.2483015060424805,60.0,13.62,1521.021728515625,1.7625973224639893,1074.690673828125,0.6411161422729492
2023-05-06 12:24:00,12756,101.0,555.0,136.698974609375,0.2060099095106125,906.903564453125,3.1156954765319824,842.7406616210938,6.482426166534424,60.0,13.62,1517.1204833984375,5.334856033325195,1075.2607421875,2.6382639408111572
2023-05-06 12:25:00,12757,101.0,555.0,144.2648162841797,4.734954357147217,902.4767456054688,8.24052906036377,845.7202758789062,13.89565372467041,60.0,13.62,1509.6365966796875,14.814406394958496,1069.3114013671875,8.742420196533203
2023-05-06 12:26:00,12758,101.0,555.0,146.95529174804688,6.458937644958496,858.6658935546875,130.7095947265625,786.0731201171875,166.53941345214844,60.0,13.61,1434.003662109375,223.42091369628906,1036.703125,120.80066680908203
2023-05-06 12:27:00,12759,101.0,555.0,140.82391357421875,9.86652946472168,594.1974487304688,306.30780029296875,535.6970825195312,336.8680419921875,60.0,13.62,987.6813354492188,518.8829956054688,676.5548706054688,344.7655944824219
2023-05-06 12:28:00,12760,101.0,555.0,155.77455139160156,2.691185235977173,858.194580078125,146.20187377929688,784.930419921875,189.66468811035156,60.0,13.63,1431.2210693359375,255.2888946533203,1045.602294921875,130.39646911621094
2023-05-06 12:29:00,12761,101.0,555.0,159.9944305419922,3.9192113876342773,829.450439453125,171.8279266357422,784.0687866210938,166.8448028564453,60.0,13.63,1383.0010986328125,296.22357177734375,964.0316162109375,219.12017822265625
2023-05-06 12:30:00,12762,101.0,555.0,160.31727600097656,1.277656078338623,911.180419921875,2.686190366744995,861.0809326171875,2.807095766067505,60.0,13.63,1524.318603515625,4.545011043548584,1092.36865234375,2.1954567432403564
2023-05-06 12:31:00,12763,101.0,555.0,158.15737915039062,3.191880941390991,906.5971069335938,4.8307204246521,863.4774780273438,15.968295097351074,60.0,13.61,1516.58203125,7.774803161621094,1091.38720703125,3.7728803157806396
2023-05-06 12:32:00,12764,101.0,555.0,126.08576202392578,7.596723556518555,273.7929382324219,138.34693908691406,182.7270050048828,115.95516967773438,58.0,13.63,449.0397033691406,232.6317901611328,360.8924865722656,209.85107421875
2023-05-06 12:33:00,12765,101.0,555.0,116.78314971923828,0.4327077567577362,170.18145751953125,12.473231315612793,94.70195770263672,11.158304214477539,2.0,13.63,278.98883056640625,20.27191925048828,204.40151977539062,17.026885986328125
2023-05-06 12:34:00,12766,101.0,555.0,129.4932403564453,9.625374794006348,495.8827209472656,340.44537353515625,472.431640625,373.0321044921875,34.0,13.63,835.3925170898438,576.3896484375,559.7806396484375,400.9456787109375
2023-05-06 12:35:00,12767,101.0,555.0,143.88548278808594,1.0949928760528564,893.0363159179688,3.3532090187072754,869.5679321289062,4.917182445526123,60.0,13.63,1496.723876953125,4.965468406677246,1085.36279296875,5.168459892272949
2023-05-06 12:36:00,12768,101.0,555.0,143.82521057128906,1.3993533849716187,891.6411743164062,1.78559410572052,869.9317626953125,4.372834205627441,60.0,13.61,1492.9434814453125,3.2447826862335205,1085.791015625,1.1911256313323975
2023-05-06 12:37:00,12769,101.0,555.0,125.70532989501953,6.705807209014893,481.5171203613281,256.8766174316406,424.4801025390625,276.4589538574219,49.0,13.62,798.878173828125,434.44927978515625,592.068603515625,306.1092224121094
2023-05-06 12:38:00,12770,101.0,555.0,123.94276428222656,2.050792932510376,270.9752197265625,117.36060333251953,210.15518188476562,153.48155212402344,46.0,13.62,445.0249328613281,197.39462280273438,343.40301513671875,157.45555114746094
2023-05-06 12:39:00,12771,101.0,555.0,132.4378662109375,1.0650064945220947,863.8509521484375,22.74442481994629,862.3134155273438,8.381388664245605,60.0,13.62,1449.4210205078125,33.1850700378418,1034.0537109375,85.5389175415039
2023-05-06 12:40:00,12772,101.0,555.0,131.98199462890625,0.1501459777355194,859.8971557617188,1.0407787561416626,845.2491455078125,5.885827541351318,60.0,13.61,1439.501220703125,2.1348164081573486,1056.2098388671875,1.0190743207931519
2023-05-06 12:41:00,12773,101.0,555.0,129.8429718017578,1.4391406774520874,853.9121704101562,2.981567621231079,838.0078735351562,3.6147143840789795,60.0,13.61,1429.01708984375,4.936318874359131,1050.3297119140625,3.3011131286621094
2023-05-06 12:42:00,12774,101.0,555.0,122.38041687011719,2.975604772567749,842.3448486328125,3.930886745452881,819.4564819335938,8.545262336730957,60.0,13.62,1409.793701171875,6.710058212280273,1037.8077392578125,4.082510471343994
2023-05-06 12:43:00,12775,101.0,555.0,117.34693145751953,0.2319972664117813,832.5386352539062,2.515221118927002,817.572998046875,7.438875675201416,60.0,13.62,1392.5692138671875,4.144745826721191,1026.3218994140625,2.8005928993225098
2023-05-06 12:44:00,12776,101.0,555.0,119.24433135986328,1.0882461071014404,840.4194946289062,1.0530258417129517,826.6828002929688,6.914403915405273,60.0,13.62,1405.81201171875,1.729586124420166,1037.253662109375,1.060729742050171
2023-05-06 12:45:00,12777,101.0,555.0,124.91938018798828,2.483238697052002,837.9559936523438,6.8159708976745605,823.3338012695312,15.056573867797852,60.0,13.62,1401.4320068359375,12.108437538146973,1035.8331298828125,4.5621418952941895
2023-05-06 12:46:00,12778,101.0,555.0,123.12360382080078,4.688093185424805,455.0892333984375,294.85528564453125,390.02508544921875,327.51287841796875,33.0,13.61,757.2551879882812,498.17626953125,591.580322265625,361.4530334472656
2023-05-06 12:47:00,12779,101.0,555.0,131.46644592285156,7.324267864227295,734.1426391601562,218.46353149414062,708.5477905273438,253.27581787109375,60.0,13.62,1225.8924560546875,372.4104919433594,901.1621704101562,251.12306213378906
2023-05-06 12:48:00,12780,101.0,555.0,121.0644302368164,4.262497901916504,640.4221801757812,254.13140869140625,626.3037109375,285.6295166015625,60.0,13.62,1069.3548583984375,430.3825988769531,765.5184936523438,320.23223876953125
2023-05-06 12:49:00,12781,101.0,555.0,116.58332824707031,1.5961967706680298,790.2764282226562,47.64568328857422,776.3857421875,63.43138885498047,60.0,13.62,1321.6427001953125,83.69817352294922,985.9749145507812,49.04951858520508
2023-05-06 12:50:00,12782,101.0,555.0,115.51146697998047,0.5405085682868958,824.4198608398438,2.044654607772827,822.9536743164062,6.029619216918945,60.0,13.63,1380.1746826171875,3.8848395347595215,1027.3416748046875,5.832922458648682
2023-05-06 12:51:00,12783,101.0,555.0,112.85183715820312,0.514793336391449,818.4961547851562,2.6389427185058594,819.7755126953125,6.123422145843506,60.0,13.61,1369.48388671875,4.574192523956299,1022.838134765625,3.1047587394714355
2023-05-06 12:52:00,12784,101.0,555.0,112.09603118896484,0.3695986866950989,821.3263549804688,1.7911673784255981,819.8779907226562,5.506798267364502,60.0,13.63,1374.5897216796875,3.156768798828125,1029.2554931640625,1.569022297859192
2023-05-06 12:53:00,12785,101.0,555.0,111.20359802246094,0.21085907518863678,818.0247802734375,0.9720116257667542,814.8029174804688,4.479526996612549,60.0,13.63,1368.84814453125,1.7934237718582153,1027.054931640625,1.023938775062561
2023-05-06 12:54:00,12786,101.0,555.0,110.83702087402344,0.0500788539648056,815.6614379882812,0.5997539162635803,816.1546630859375,3.1326286792755127,60.0,13.63,1364.6322021484375,1.1305419206619263,1025.3636474609375,0.7061065435409546
2023-05-06 12:55:00,12787,101.0,555.0,110.66830444335938,0.2960399091243744,814.5360107421875,0.34635478258132935,815.394287109375,5.75806188583374,60.0,13.63,1362.814697265625,0.5426560640335083,1024.640380859375,0.4750591814517975
2023-05-06 12:56:00,12788,101.0,555.0,109.6399917602539,0.1037861630320549,814.0227661132812,0.2959168255329132,821.4017333984375,6.339038372039795,60.0,13.61,1361.4818115234375,0.4981241524219513,1025.0213623046875,0.6529186964035034
2023-05-06 12:57:00,12789,101.0,555.0,110.16270446777344,0.35121390223503113,812.1060180664062,0.9886389374732971,819.6986083984375,6.381654739379883,60.0,13.63,1358.463134765625,1.5112642049789429,1024.291259765625,1.1067622900009155
2023-05-06 12:58:00,12790,101.0,555.0,111.4400634765625,0.35000330209732056,811.8447265625,0.4001597762107849,819.6310424804688,6.836362838745117,60.0,13.63,1358.8489990234375,0.5930388569831848,1025.1649169921875,0.47394660115242004
2023-05-06 12:59:00,12791,101.0,555.0,111.49681091308594,0.21691133081912994,809.2371826171875,1.3532435894012451,818.1209716796875,6.729467391967773,60.0,13.62,1354.2943115234375,2.3243050575256348,1023.9931640625,1.1382893323898315
2023-05-06 13:00:00,12792,101.0,555.0,111.52116394042969,0.19736811518669128,805.596435546875,1.3770976066589355,815.7933959960938,6.932563781738281,60.0,13.62,1348.4195556640625,2.2823643684387207,1021.1060180664062,1.326957106590271
2023-05-06 13:01:00,12793,101.0,555.0,112.08699798583984,0.1550440639257431,800.4461669921875,0.7292336225509644,821.4939575195312,2.9083518981933594,60.0,13.61,1339.4295654296875,1.404162049293518,1015.959716796875,0.9691223502159119
2023-05-06 13:02:00,12794,101.0,555.0,112.14702606201172,0.11263345181941986,799.9090576171875,1.076401948928833,822.0731811523438,3.8404181003570557,60.0,13.62,1337.8341064453125,1.66619873046875,1017.111572265625,0.725704550743103
2023-05-06 13:03:00,12795,101.0,555.0,112.32366180419922,0.09426266700029373,794.8150634765625,1.3191379308700562,818.700927734375,3.6665449142456055,60.0,13.62,1329.9476318359375,1.9933984279632568,1012.3958129882812,1.4626306295394897
2023-05-06 13:04:00,12796,101.0,555.0,111.21602630615234,0.5354964733123779,790.6947631835938,1.7820789813995361,816.2028198242188,5.021224498748779,60.0,13.62,1322.9461669921875,3.1211345195770264,1008.9261474609375,1.7544701099395752
2023-05-06 13:05:00,12797,101.0,555.0,110.0916748046875,0.14308805763721466,788.8291015625,0.6671155691146851,815.4649658203125,4.167908668518066,60.0,13.62,1319.791259765625,1.112085223197937,1008.2901611328125,1.0004911422729492
2023-05-06 13:06:00,12798,101.0,555.0,109.78763580322266,0.07910913974046707,789.6174926757812,0.4114733338356018,812.2060546875,8.2003755569458,60.0,13.61,1321.20654296875,0.9752153158187866,1011.642822265625,0.6517636775970459
2023-05-06 13:07:00,12799,101.0,555.0,109.4170913696289,0.15989552438259125,786.4465942382812,0.6689874529838562,817.8270263671875,3.80757474899292,60.0,13.62,1315.0089111328125,1.2658215761184692,1008.8057861328125,0.7896918654441833
2023-05-06 13:08:00,12800,101.0,555.0,108.84830474853516,0.19977399706840515,783.1284790039062,1.1484065055847168,806.9147338867188,5.973145484924316,60.0,13.62,1309.1336669921875,2.1551249027252197,1006.0848388671875,1.0645291805267334
2023-05-06 13:09:00,12801,101.0,555.0,108.10321807861328,0.1545211672782898,778.7514038085938,1.0211877822875977,806.9260864257812,6.960278511047363,60.0,13.62,1301.6661376953125,1.5258939266204834,1002.6062622070312,0.6294481158256531
2023-05-06 13:10:00,12802,101.0,555.0,107.88164520263672,0.07411462813615799,776.934326171875,0.5282912850379944,811.6046142578125,5.1997294425964355,60.0,13.62,1298.6197509765625,0.952507734298706,1001.8820190429688,0.3342381417751312
2023-05-06 13:11:00,12803,101.0,555.0,108.27623748779297,0.2992219030857086,775.0921630859375,0.27559810876846313,811.661376953125,4.045071125030518,60.0,13.6,1295.19287109375,0.4916200339794159,1000.304931640625,0.3905097246170044
2023-05-06 13:12:00,12804,101.0,555.0,109.6680908203125,0.5190169811248779,775.9465942382812,0.23992030322551727,804.3942260742188,6.024694442749023,60.0,13.61,1296.5169677734375,0.4543253481388092,1002.5134887695312,0.7743452191352844
2023-05-06 13:13:00,12805,101.0,555.0,111.3529281616211,0.4487379789352417,775.834228515625,0.4283607602119446,809.6970825195312,8.524491310119629,60.0,13.61,1296.384033203125,0.6897717714309692,1002.7128295898438,0.31726551055908203
2023-05-06 13:14:00,12806,101.0,555.0,112.53782653808594,0.2532569169998169,774.4653930664062,0.3111526668071747,805.0187377929688,5.353661060333252,60.0,13.61,1293.953857421875,0.5521348118782043,1002.2146606445312,0.6396945714950562
2023-05-06 13:15:00,12807,101.0,555.0,112.90298461914062,0.06858032196760178,772.9782104492188,0.8619052767753601,804.5077514648438,7.246203899383545,60.0,13.61,1291.3873291015625,1.5320690870285034,1001.498779296875,0.9696467518806458
2023-05-06 13:16:00,12808,101.0,555.0,112.32084655761719,0.3621289134025574,769.8865356445312,0.9355397820472717,806.3812866210938,4.57271146774292,60.0,13.6,1286.1328125,1.701393961906433,998.842529296875,0.7123090028762817
2023-05-06 13:17:00,12809,101.0,555.0,110.73993682861328,0.509388267993927,766.3937377929688,1.594415545463562,805.84765625,5.384963512420654,60.0,13.61,1280.2684326171875,2.4887681007385254,996.9945068359375,0.921604335308075
2023-05-06 13:18:00,12810,101.0,555.0,108.98820495605469,0.5005114674568176,761.7640991210938,1.0590726137161255,802.2025756835938,4.5113935470581055,60.0,13.61,1272.84619140625,1.7948248386383057,993.5117797851562,0.9676326513290405
2023-05-06 13:19:00,12811,101.0,555.0,107.13555145263672,0.5915282964706421,757.6945190429688,1.3773903846740723,804.0535278320312,5.538975238800049,60.0,13.61,1265.691162109375,2.5836615562438965,990.4286499023438,1.2267595529556274
2023-05-06 13:20:00,12812,101.0,555.0,105.44307708740234,0.37803640961647034,753.2452392578125,1.2519923448562622,802.713623046875,6.360353946685791,60.0,13.61,1258.052001953125,1.9705944061279297,987.0885620117188,0.7100706100463867
2023-05-06 13:21:00,12813,101.0,555.0,104.1234359741211,0.40513911843299866,748.0927734375,1.671279788017273,801.3737182617188,6.9515204429626465,60.0,13.6,1249.3931884765625,2.865963935852051,982.755615234375,1.320042371749878
2023-05-06 13:22:00,12814,101.0,555.0,102.99823760986328,0.25891339778900146,743.675537109375,1.2895675897598267,804.5191040039062,6.341684818267822,60.0,13.61,1241.801513671875,1.9803290367126465,979.310791015625,0.7898193597793579
2023-05-06 13:23:00,12815,101.0,555.0,102.21000671386719,0.2360958456993103,737.0643310546875,2.6413328647613525,797.6605224609375,8.405674934387207,60.0,13.61,1230.5946044921875,4.436370372772217,972.7506713867188,2.7442822456359863
2023-05-06 13:24:00,12816,101.0,555.0,101.46898651123047,0.20397092401981354,730.1571044921875,2.787165403366089,786.5323486328125,4.75517463684082,60.0,13.61,1219.3795166015625,4.775473594665527,965.4423217773438,3.166609287261963
2023-05-06 13:25:00,12817,101.0,555.0,101.34550476074219,0.0524224117398262,728.8705444335938,2.079960346221924,798.7506103515625,5.802474021911621,60.0,13.61,1217.801513671875,3.4535698890686035,964.7373657226562,2.48728346824646
2023-05-06 13:26:00,12818,101.0,555.0,101.33775329589844,0.05600700154900551,723.872802734375,1.7179526090621948,784.8744506835938,5.169312953948975,60.0,13.6,1209.6126708984375,2.9327380657196045,959.8555297851562,1.8962699174880981
2023-05-06 13:27:00,12819,101.0,555.0,101.2423324584961,0.08611014485359192,722.310546875,2.244445562362671,786.850341796875,9.070867538452148,60.0,13.61,1207.1585693359375,3.564711570739746,959.4934692382812,2.7220635414123535
2023-05-06 13:28:00,12820,101.0,555.0,100.68022918701172,0.30393388867378235,724.8209838867188,0.5299084782600403,799.8406982421875,3.5510542392730713,60.0,13.61,1211.1712646484375,0.9731071591377258,964.4860229492188,0.26338091492652893
2023-05-06 13:29:00,12821,101.0,555.0,99.99715423583984,0.14683689177036285,723.1187133789062,0.3742162883281708,799.8512573242188,4.346293926239014,60.0,13.61,1208.4346923828125,0.6813939809799194,964.337646484375,0.3586117625236511
2023-05-06 13:30:00,12822,101.0,555.0,99.6152114868164,0.09559644013643265,721.2091064453125,0.7338185906410217,800.0980834960938,4.635046482086182,60.0,13.61,1204.5555419921875,1.4332197904586792,963.9462890625,0.549786388874054
2023-05-06 13:31:00,12823,101.0,555.0,99.63256072998047,0.056738972663879395,719.3892211914062,0.3349032402038574,800.8409423828125,6.6781697273254395,60.0,13.6,1201.32861328125,0.5838583707809448,962.4362182617188,0.2673836350440979
2023-05-06 13:32:00,12824,101.0,555.0,99.7144775390625,0.052959270775318146,717.8591918945312,0.7350730895996094,794.2113647460938,4.896084308624268,60.0,13.61,1199.0018310546875,1.2556971311569214,962.3909912109375,0.5496195554733276
2023-05-06 13:33:00,12825,101.0,555.0,99.49691009521484,0.07741662114858627,715.630126953125,0.6012539267539978,794.940673828125,5.384424209594727,60.0,13.61,1195.224609375,1.1332389116287231,961.1630859375,0.6713913679122925
2023-05-06 13:34:00,12826,101.0,555.0,99.25479125976562,0.13498884439468384,711.8988647460938,1.3749549388885498,797.0778198242188,6.855483055114746,60.0,13.61,1188.576904296875,2.225203514099121,957.562255859375,0.9797493815422058
2023-05-06 13:35:00,12827,101.0,555.0,98.79428100585938,0.10006438195705414,707.5791015625,1.063761830329895,790.1409912109375,4.51689338684082,60.0,13.61,1181.6038818359375,1.7659653425216675,953.952880859375,0.8412973880767822
2023-05-06 13:36:00,12828,101.0,555.0,98.56681823730469,0.0601336807012558,705.4954833984375,0.6619822382926941,794.8534545898438,5.858147621154785,60.0,13.6,1178.101806640625,1.0424116849899292,952.2110595703125,0.6987265944480896
2023-05-06 13:37:00,12829,101.0,555.0,98.37258911132812,0.06921129673719406,702.9232788085938,0.7488253116607666,794.2288208007812,8.039746284484863,60.0,13.61,1173.39111328125,1.2927600145339966,950.267333984375,0.36719810962677
2023-05-06 13:38:00,12830,101.0,555.0,98.38957214355469,0.054715074598789215,700.4769897460938,0.7003172039985657,789.114013671875,3.4038689136505127,60.0,13.61,1169.33056640625,1.367774248123169,948.929443359375,0.7712299823760986
2023-05-06 13:39:00,12831,101.0,555.0,98.16133880615234,0.14159931242465973,697.6205444335938,0.9237327575683594,787.0729370117188,4.367063522338867,60.0,13.61,1164.5123291015625,1.5011953115463257,946.7340087890625,0.6472213864326477
2023-05-06 13:40:00,12832,101.0,555.0,97.7319564819336,0.11850332468748093,694.5101318359375,0.8217936158180237,795.342529296875,6.420327186584473,60.0,13.61,1159.037109375,1.3800805807113647,944.5315551757812,0.6067970991134644
2023-05-06 13:41:00,12833,101.0,555.0,97.6220932006836,0.10978257656097412,692.0531005859375,0.7020998597145081,791.9879760742188,6.924455642700195,60.0,13.6,1155.3201904296875,0.9655500650405884,942.7945556640625,0.7469643354415894
2023-05-06 13:42:00,12834,101.0,555.0,97.13566589355469,0.2376123070716858,689.450927734375,0.8030456900596619,793.3446655273438,6.29764461517334,60.0,13.61,1151.113037109375,1.3409494161605835,941.1804809570312,0.7438167333602905
2023-05-06 13:43:00,12835,101.0,555.0,96.45454406738281,0.14624722301959991,686.7945556640625,0.7611909508705139,792.7976684570312,5.013326168060303,60.0,13.61,1146.5523681640625,1.1787320375442505,939.3746337890625,0.3120006024837494
2023-05-06 13:44:00,12836,101.0,555.0,96.06851959228516,0.06715764850378036,684.0541381835938,0.8945803046226501,786.9406127929688,5.1433844566345215,60.0,13.61,1141.617919921875,1.6487408876419067,937.8177490234375,0.5911976099014282
2023-05-06 13:45:00,12837,101.0,555.0,95.88890838623047,0.15713545680046082,682.1471557617188,0.5807114243507385,789.398681640625,5.658517360687256,60.0,13.61,1138.18115234375,1.2536540031433105,936.4970703125,0.5216511487960815
2023-05-06 13:46:00,12838,101.0,555.0,95.67529296875,0.08237387239933014,679.4702758789062,0.6516628265380859,787.4601440429688,6.886504173278809,60.0,13.6,1133.8778076171875,1.0793741941452026,934.283935546875,0.515684187412262
2023-05-06 13:47:00,12839,101.0,555.0,95.87904357910156,0.07167188078165054,676.5960083007812,0.9878884553909302,788.8936767578125,7.148585796356201,60.0,13.61,1129.1590576171875,1.6217403411865234,931.3090209960938,0.8810492753982544
2023-05-06 13:48:00,12840,101.0,555.0,95.63298034667969,0.10835420340299606,672.9522094726562,0.9026300311088562,786.1041259765625,7.021128177642822,60.0,13.61,1123.1331787109375,1.3109376430511475,928.3768920898438,0.6835222840309143
2023-05-06 13:49:00,12841,101.0,555.0,95.27302551269531,0.19739151000976562,669.9801025390625,0.883745551109314,784.6273193359375,7.7348809242248535,60.0,13.61,1119.015625,1.3364274501800537,926.0970458984375,0.42768996953964233
2023-05-06 13:50:00,12842,101.0,555.0,94.7474365234375,0.11668840795755386,666.5475463867188,1.228723168373108,784.6172485351562,7.1317548751831055,60.0,13.61,1113.3558349609375,1.8870697021484375,923.5947265625,1.0637820959091187
2023-05-06 13:51:00,12843,101.0,555.0,94.49710083007812,0.09061150252819061,662.771240234375,1.1072138547897339,784.8016967773438,6.637030124664307,60.0,13.6,1107.1729736328125,1.9525314569473267,920.0121459960938,1.0823769569396973
2023-05-06 13:52:00,12844,101.0,555.0,94.41062927246094,0.06578311324119568,659.7061767578125,0.754119873046875,779.4818115234375,4.750257968902588,60.0,13.61,1102.012939453125,1.3304049968719482,917.5455932617188,0.7344252467155457
2023-05-06 13:53:00,12845,101.0,555.0,94.42386627197266,0.0706787258386612,656.7986450195312,0.6939133405685425,781.5524291992188,6.63687801361084,60.0,13.61,1096.883056640625,1.218393325805664,914.8291625976562,0.7528654336929321
2023-05-06 13:54:00,12846,101.0,555.0,94.57337951660156,0.06223941966891289,654.1260986328125,0.9839740991592407,786.2559814453125,4.3851494789123535,60.0,13.61,1091.9967041015625,1.5250039100646973,911.8121948242188,0.7808905243873596
2023-05-06 13:55:00,12847,101.0,555.0,94.59062194824219,0.09444470703601837,650.6171264648438,1.1268101930618286,778.0623779296875,5.599040508270264,60.0,13.61,1086.3837890625,1.7874785661697388,909.2217407226562,0.8216210603713989
2023-05-06 13:56:00,12848,101.0,555.0,94.31428527832031,0.16286608576774597,646.5479125976562,1.1650208234786987,778.2112426757812,4.595850467681885,60.0,13.6,1079.7005615234375,2.051551342010498,905.5547485351562,1.188323736190796
2023-05-06 13:57:00,12849,101.0,555.0,93.61555480957031,0.26007670164108276,642.9609375,1.0568145513534546,775.6600952148438,6.4086833000183105,60.0,13.61,1073.0372314453125,2.0066263675689697,901.8680419921875,1.1904898881912231
2023-05-06 13:58:00,12850,101.0,555.0,92.89432525634766,0.13987964391708374,638.403564453125,1.496428370475769,781.8272094726562,3.648801565170288,60.0,13.61,1065.2723388671875,2.516226053237915,897.8272705078125,1.5496853590011597
2023-05-06 13:59:00,12851,101.0,555.0,92.55533599853516,0.07735249400138855,633.3753051757812,1.372499704360962,772.5975952148438,8.189821243286133,60.0,13.61,1056.6207275390625,2.314255475997925,892.3760375976562,1.6342442035675049
2023-05-06 14:00:00,12852,101.0,555.0,92.37776184082031,0.09931526333093643,630.1303100585938,0.7349210977554321,773.0701904296875,6.943244934082031,60.0,13.61,1051.034912109375,1.0755034685134888,888.8511352539062,0.3623811602592468
2023-05-06 14:01:00,12853,101.0,555.0,92.14118957519531,0.06630531698465347,627.3682861328125,0.6935012936592102,772.2674560546875,6.636144161224365,60.0,13.6,1046.4854736328125,1.1037882566452026,886.889892578125,0.4373069703578949
2023-05-06 14:02:00,12854,101.0,555.0,92.19461822509766,0.05746234208345413,625.1722412109375,0.6336875557899475,770.434814453125,6.852489948272705,60.0,13.61,1043.0457763671875,0.9200458526611328,885.3148193359375,0.4712309241294861
2023-05-06 14:03:00,12855,101.0,555.0,92.18695831298828,0.07392182946205139,623.1387939453125,0.6103220582008362,769.6416625976562,6.802892208099365,60.0,13.61,1039.9034423828125,1.046862006187439,884.0199584960938,0.3521069884300232
2023-05-06 14:04:00,12856,101.0,555.0,91.93187713623047,0.12779448926448822,621.0790405273438,0.6698712706565857,770.123291015625,6.726194858551025,60.0,13.61,1036.743408203125,1.0228784084320068,882.8192138671875,0.5091136693954468
2023-05-06 14:05:00,12857,101.0,555.0,91.44969940185547,0.13511358201503754,617.8822631835938,1.0393096208572388,766.2080688476562,7.120701313018799,60.0,13.61,1031.5340576171875,1.8084646463394165,880.420166015625,0.9902048707008362
2023-05-06 14:06:00,12858,101.0,555.0,91.21601104736328,0.05765656754374504,614.4257202148438,1.0435303449630737,765.4157104492188,6.661951541900635,60.0,13.6,1025.591552734375,1.6749107837677002,877.0053100585938,1.0609731674194336
2023-05-06 14:07:00,12859,101.0,555.0,90.83942413330078,0.17214012145996094,610.1270751953125,1.481055498123169,762.6478271484375,7.079047203063965,60.0,13.61,1018.335693359375,2.665499448776245,872.5411376953125,1.6625868082046509
2023-05-06 14:08:00,12860,101.0,555.0,90.22865295410156,0.1598791927099228,605.802978515625,0.743511974811554,760.4346313476562,6.754658222198486,60.0,13.61,1010.5161743164062,1.5175994634628296,867.9140625,0.7566699385643005
2023-05-06 14:09:00,12861,101.0,555.0,89.95695495605469,0.06355053186416626,604.2001342773438,0.15470756590366364,759.1173095703125,6.7645263671875,60.0,13.61,1007.4196166992188,0.30986183881759644,866.9108276367188,0.47286921739578247
2023-05-06 14:10:00,12862,101.0,555.0,89.80181121826172,0.08671804517507553,602.631103515625,1.0288220643997192,760.6522216796875,7.191340446472168,60.0,13.61,1004.6156616210938,1.695801019668579,865.9970092773438,0.8265024423599243
2023-05-06 14:11:00,12863,101.0,555.0,89.55064392089844,0.07007797807455063,598.7356567382812,1.2797530889511108,757.841796875,6.141630172729492,60.0,13.6,997.8140258789062,2.340348243713379,862.196533203125,1.5324711799621582
2023-05-06 14:12:00,12864,101.0,555.0,89.43894958496094,0.051498133689165115,594.9693603515625,0.6377856731414795,757.8311767578125,6.767989158630371,60.0,13.61,992.1055908203125,1.0452091693878174,858.127685546875,0.6532145738601685
2023-05-06 14:13:00,12865,101.0,555.0,89.20269012451172,0.1464996635913849,592.0510864257812,1.2975724935531616,761.7052612304688,5.918132305145264,60.0,13.61,987.0440063476562,2.1879687309265137,855.4821166992188,1.0320193767547607
2023-05-06 14:14:00,12866,101.0,555.0,88.65188598632812,0.13879212737083435,588.1334228515625,0.8758752346038818,754.6187744140625,6.438551425933838,60.0,13.61,980.1548461914062,1.635129690170288,851.4371948242188,1.2838672399520874
2023-05-06 14:15:00,12867,101.0,555.0,88.29606628417969,0.19739151000976562,585.0987548828125,0.8035840392112732,754.525634765625,6.906296730041504,60.0,13.61,975.0296630859375,1.2053884267807007,848.7164306640625,0.5105336904525757
2023-05-06 14:16:00,12868,101.0,555.0,87.91400909423828,0.09279792755842209,582.8616333007812,0.9895109534263611,756.0820922851562,6.910184860229492,60.0,13.59,971.2122192382812,1.6695741415023804,847.2056274414062,0.9778761267662048
2023-05-06 14:17:00,12869,101.0,555.0,87.59619140625,0.06368577480316162,579.1657104492188,0.8037325739860535,749.934326171875,6.711184978485107,60.0,13.61,965.1614379882812,1.399096131324768,843.8869018554688,0.8476622104644775
2023-05-06 14:18:00,12870,101.0,555.0,87.7692642211914,0.16241298615932465,577.107421875,0.5076699256896973,752.5697021484375,7.271134853363037,60.0,13.61,961.728515625,0.7963623404502869,841.3260498046875,0.6465139389038086
2023-05-06 14:19:00,12871,101.0,555.0,88.25796508789062,0.11833224445581436,574.9447631835938,0.8633763790130615,748.6832885742188,7.768854141235352,60.0,13.61,958.826171875,1.318223476409912,839.2745971679688,0.9099236726760864
2023-05-06 14:20:00,12872,101.0,555.0,88.50228881835938,0.06208737939596176,573.3980712890625,0.41588038206100464,748.5410766601562,7.070765972137451,60.0,13.61,956.4080810546875,0.6725278496742249,838.3033447265625,0.41354331374168396
2023-05-06 14:21:00,12873,101.0,555.0,88.55562591552734,0.051004935055971146,570.881103515625,0.9192491173744202,741.7034912109375,5.055296897888184,60.0,13.6,952.4010009765625,1.42691171169281,837.0671997070312,0.7363636493682861
2023-05-06 14:22:00,12874,101.0,555.0,88.41802215576172,0.08419916778802872,567.0236206054688,1.2710232734680176,738.898193359375,4.26611852645874,60.0,13.61,945.7926635742188,2.299888849258423,833.2319946289062,1.2546470165252686
2023-05-06 14:23:00,12875,101.0,555.0,88.06468200683594,0.11478766053915024,562.3516235351562,1.3395075798034668,731.4579467773438,3.9322617053985596,60.0,13.61,937.535888671875,2.406069755554199,828.5137939453125,1.4679707288742065
2023-05-06 14:24:00,12876,101.0,555.0,87.57290649414062,0.17052370309829712,557.884033203125,1.1578480005264282,735.981689453125,7.686978340148926,60.0,13.61,929.6636352539062,1.9745087623596191,823.7239990234375,1.1749540567398071
2023-05-06 14:25:00,12877,101.0,555.0,87.1875,0.106158047914505,553.9932250976562,1.0321869850158691,736.1363525390625,7.544867992401123,60.0,13.61,923.135009765625,1.7535622119903564,819.555908203125,1.2275742292404175
2023-05-06 14:26:00,12878,101.0,555.0,86.84838104248047,0.1824989914894104,549.7933349609375,1.340727686882019,734.3258666992188,7.300713539123535,60.0,13.6,916.1119995117188,2.2683634757995605,814.9122314453125,1.770384669303894
2023-05-06 14:27:00,12879,101.0,555.0,86.13358306884766,0.24104003608226776,545.1643676757812,1.1375912427902222,726.5623779296875,5.277857780456543,60.0,13.61,908.1998291015625,1.9873979091644287,810.3226928710938,1.0678935050964355
2023-05-06 14:28:00,12880,101.0,555.0,85.58517456054688,0.13564535975456238,541.7764282226562,0.9228972792625427,723.0718383789062,3.8511648178100586,60.0,13.61,902.1040649414062,1.6394507884979248,806.8036499023438,0.9685496091842651
2023-05-06 14:29:00,12881,101.0,555.0,85.16708374023438,0.13817238807678223,539.3892822265625,0.5666161179542542,729.4540405273438,8.323637962341309,60.0,13.61,898.4252319335938,0.9123992323875427,804.9899291992188,0.539172887802124
2023-05-06 14:30:00,12882,101.0,555.0,84.8610610961914,0.08334831893444061,537.181884765625,0.7545862197875977,737.081787109375,3.5948476791381836,60.0,13.61,894.4324951171875,1.3350013494491577,802.868408203125,0.6061359643936157
2023-05-06 14:31:00,12883,101.0,555.0,84.65463256835938,0.048915568739175797,534.1563720703125,0.9010488986968994,723.1991577148438,3.5680532455444336,60.0,13.6,889.5183715820312,1.2656341791152954,800.3605346679688,0.7777931094169617
2023-05-06 14:32:00,12884,101.0,555.0,84.88072204589844,0.11997433006763458,531.2980346679688,0.7436880469322205,727.132568359375,7.697085857391357,60.0,13.61,885.3306274414062,1.0525718927383423,796.9013671875,0.758862316608429
2023-05-06 14:33:00,12885,101.0,555.0,84.9354248046875,0.10346297174692154,528.7171630859375,0.8713315725326538,722.90234375,7.5095367431640625,60.0,13.61,881.1361694335938,1.3286463022232056,794.7092895507812,0.4353749454021454
2023-05-06 14:34:00,12886,101.0,555.0,84.59236907958984,0.17343902587890625,525.7450561523438,0.9916311502456665,720.9852294921875,7.539327144622803,60.0,13.61,875.9339599609375,1.7734806537628174,792.4090576171875,0.8170852661132812
2023-05-06 14:35:00,12887,101.0,555.0,84.01862335205078,0.1477585881948471,522.3001098632812,1.1924299001693726,718.4132080078125,7.09603214263916,60.0,13.61,869.7456665039062,2.1279072761535645,789.476318359375,1.3164242506027222
2023-05-06 14:36:00,12888,101.0,555.0,83.65325164794922,0.0816916972398758,518.1924438476562,1.2520478963851929,720.4014892578125,7.230218410491943,60.0,13.6,862.7487182617188,1.9169224500656128,785.0121459960938,1.0792397260665894
2023-05-06 14:37:00,12889,101.0,555.0,83.76504516601562,0.09405820071697235,515.0016479492188,0.8436435461044312,717.4524536132812,6.604104042053223,60.0,13.61,857.559326171875,1.4835102558135986,781.5634155273438,1.2366477251052856
2023-05-06 14:38:00,12890,101.0,555.0,83.90596771240234,0.06235949322581291,511.2147216796875,1.200150966644287,713.8547973632812,6.979076862335205,60.0,13.61,851.3651123046875,1.9634653329849243,777.231689453125,1.5252163410186768
2023-05-06 14:39:00,12891,101.0,555.0,83.574951171875,0.17281289398670197,507.2920227050781,1.0551282167434692,711.2901611328125,6.8226494789123535,60.0,13.61,844.9453125,1.8575072288513184,772.8287353515625,1.1466225385665894
2023-05-06 14:40:00,12892,101.0,555.0,83.13326263427734,0.10159102082252502,503.76092529296875,0.9778053164482117,709.9524536132812,7.505791187286377,60.0,13.61,838.8207397460938,1.656264066696167,769.0982055664062,1.0279697179794312
2023-05-06 14:41:00,12893,101.0,555.0,82.88764190673828,0.11217629164457321,501.2298278808594,0.8703113794326782,709.29296875,7.135316848754883,60.0,13.6,834.4945678710938,1.391948938369751,766.5230712890625,0.7990158796310425
2023-05-06 14:42:00,12894,101.0,555.0,82.64800262451172,0.08497127890586853,497.8975830078125,1.155144214630127,706.433837890625,7.159731864929199,60.0,13.61,829.106689453125,1.7696881294250488,762.9285888671875,1.2955623865127563
2023-05-06 14:43:00,12895,101.0,555.0,82.32545471191406,0.1489032357931137,494.8351135253906,0.9810469150543213,706.4019775390625,6.912092208862305,60.0,13.61,824.1036987304688,1.715241551399231,759.986572265625,0.8771083354949951
2023-05-06 14:44:00,12896,101.0,555.0,81.74129486083984,0.19451738893985748,491.19000244140625,1.128231167793274,704.4306640625,6.476388454437256,60.0,13.61,817.6840209960938,2.006132125854492,756.439697265625,1.0513616800308228
2023-05-06 14:45:00,12897,101.0,555.0,81.24305725097656,0.10444898158311844,487.7417297363281,0.8482382893562317,705.0098266601562,5.553131103515625,60.0,13.61,811.3740234375,1.604939341545105,753.1885375976562,1.0186359882354736
2023-05-06 14:46:00,12898,101.0,555.0,80.96485137939453,0.09840057045221329,484.53363037109375,1.1491881608963013,700.1199340820312,4.932628154754639,60.0,13.6,806.1123657226562,1.7778030633926392,750.2974853515625,1.0785367488861084
2023-05-06 14:47:00,12899,101.0,555.0,80.87873077392578,0.07862598448991776,481.72308349609375,0.7698362469673157,696.5282592773438,6.314157485961914,60.0,13.61,801.0098876953125,1.3366869688034058,746.8357543945312,1.1508804559707642
2023-05-06 14:48:00,12900,101.0,555.0,81.06217956542969,0.059383172541856766,478.53558349609375,0.8428515195846558,702.480224609375,2.2756171226501465,60.0,13.61,795.845947265625,1.430306315422058,743.3719482421875,0.8480443954467773
2023-05-06 14:49:00,12901,101.0,555.0,80.97501373291016,0.07787290215492249,475.38226318359375,0.9910800457000732,692.7326049804688,5.710637092590332,60.0,13.61,790.7196655273438,1.5513432025909424,740.4420776367188,0.9589211344718933
2023-05-06 14:50:00,12902,101.0,555.0,80.85389709472656,0.060145843774080276,472.46881103515625,0.8125547170639038,690.079833984375,6.979616641998291,60.0,13.61,785.8618774414062,1.4936447143554688,737.2376708984375,1.060904860496521
2023-05-06 14:51:00,12903,101.0,555.0,80.70172882080078,0.05620327219367027,469.1162109375,1.0659377574920654,689.8987426757812,3.6595981121063232,60.0,13.6,780.1510009765625,1.677045464515686,733.2073364257812,1.1076009273529053
2023-05-06 14:52:00,12904,101.0,555.0,80.32766723632812,0.1733606606721878,465.90576171875,1.1024492979049683,687.7020874023438,6.295937538146973,60.0,13.61,775.0445556640625,1.624858021736145,729.9583740234375,0.8880455493927002
2023-05-06 14:53:00,12905,101.0,555.0,79.8958740234375,0.07573399692773819,461.96728515625,1.1723092794418335,680.7107543945312,7.095516681671143,60.0,13.61,768.6743774414062,2.010716676712036,726.1529541015625,1.4260989427566528
2023-05-06 14:54:00,12906,101.0,555.0,79.91008758544922,0.0683881863951683,458.2651672363281,0.8859749436378479,677.8106689453125,6.160375595092773,60.0,13.61,762.5070190429688,1.6104336977005005,721.662109375,1.1064927577972412
2023-05-06 14:55:00,12907,101.0,555.0,79.7923812866211,0.09836224466562271,454.9542236328125,1.0247572660446167,690.1322021484375,5.490079402923584,60.0,13.61,756.9061889648438,1.810088038444519,717.825927734375,1.2173857688903809
2023-05-06 14:56:00,12908,101.0,555.0,79.49360656738281,0.13901454210281372,450.9634094238281,1.0351451635360718,694.4518432617188,3.273251533508301,60.0,13.6,749.6915283203125,1.7546417713165283,713.1968383789062,1.199524998664856
2023-05-06 14:57:00,12909,101.0,555.0,79.1219253540039,0.09597823023796082,447.86187744140625,1.1033037900924683,687.3458862304688,6.859986782073975,60.0,13.61,744.5364379882812,1.634428858757019,710.6184692382812,1.0593940019607544
2023-05-06 14:58:00,12910,101.0,555.0,78.8354263305664,0.07168387621641159,444.07568359375,1.0327529907226562,689.9486083984375,5.56318473815918,60.0,13.61,738.2572021484375,1.8746432065963745,705.7577514648438,1.4491597414016724
2023-05-06 14:59:00,12911,101.0,555.0,78.6297607421875,0.09291017055511475,440.3054504394531,1.1136820316314697,688.4979858398438,7.3639397621154785,60.0,13.61,731.9218139648438,1.8760257959365845,701.6582641601562,1.3616777658462524
2023-05-06 15:00:00,12912,101.0,555.0,78.36766052246094,0.09080970287322998,436.2342529296875,1.1558421850204468,684.343017578125,6.708257675170898,60.0,13.61,725.0958251953125,1.9751919507980347,697.087158203125,1.3222907781600952
2023-05-06 15:01:00,12913,101.0,555.0,78.14969635009766,0.062366507947444916,432.39337158203125,1.0881521701812744,685.0614013671875,7.138516426086426,60.0,13.6,718.6118774414062,1.893912434577942,692.6362915039062,1.2579823732376099
2023-05-06 15:02:00,12914,101.0,555.0,78.02615356445312,0.0913764089345932,428.9881591796875,1.1288564205169678,683.94921875,7.363309860229492,60.0,13.61,712.8786010742188,1.8299986124038696,688.7935791015625,1.2574527263641357
2023-05-06 15:03:00,12915,101.0,555.0,77.77881622314453,0.0633486658334732,425.7477111816406,0.8919399976730347,683.9396362304688,7.145007133483887,60.0,13.61,707.5060424804688,1.519400954246521,685.5071411132812,1.062697172164917
2023-05-06 15:04:00,12916,101.0,555.0,77.67127227783203,0.10978317260742188,422.24005126953125,1.1347066164016724,681.7481079101562,7.771478652954102,60.0,13.61,701.6829833984375,1.9219542741775513,681.4196166992188,1.3342394828796387
2023-05-06 15:05:00,12917,101.0,555.0,77.29767608642578,0.15180781483650208,418.0494384765625,1.36586332321167,680.341552734375,7.533341884613037,60.0,13.61,694.9478149414062,2.2121026515960693,676.7410888671875,1.5886759757995605
2023-05-06 15:06:00,12918,101.0,555.0,76.95264434814453,0.10036595910787582,413.95709228515625,1.1076700687408447,678.2117309570312,7.606271743774414,60.0,13.6,688.4909057617188,1.6100327968597412,671.9161376953125,1.2800090312957764
2023-05-06 15:07:00,12919,101.0,555.0,76.7883529663086,0.09474771469831467,410.9338684082031,0.9599272608757019,679.7461547851562,7.13726806640625,60.0,13.61,683.5972290039062,1.5276895761489868,668.8040771484375,0.6901370882987976
2023-05-06 15:08:00,12920,101.0,555.0,76.63166046142578,0.06459469348192215,408.2586364746094,0.9334109425544739,680.9772338867188,7.656083106994629,60.0,13.61,679.2039184570312,1.289392113685608,666.1874389648438,1.2161418199539185
2023-05-06 15:09:00,12921,101.0,555.0,76.59675598144531,0.068781279027462,405.0523681640625,1.1572810411453247,674.8392333984375,7.196233749389648,60.0,13.61,673.7960815429688,1.845872163772583,662.260009765625,0.9965627193450928
2023-05-06 15:10:00,12922,101.0,555.0,76.36637878417969,0.14755649864673615,401.2102355957031,1.1263682842254639,670.3867797851562,8.305304527282715,60.0,13.61,666.9448852539062,1.764756441116333,657.6971435546875,1.0843805074691772
2023-05-06 15:11:00,12923,101.0,555.0,75.92080688476562,0.15540537238121033,397.51190185546875,1.1171563863754272,666.7556762695312,5.751245021820068,60.0,13.6,660.9066162109375,1.8714196681976318,653.5488891601562,1.6892374753952026
2023-05-06 15:12:00,12924,101.0,555.0,75.50077056884766,0.11951620876789093,393.9278259277344,0.9915379881858826,659.4488525390625,7.35897159576416,60.0,13.61,655.0709228515625,1.6498266458511353,649.4856567382812,1.028181552886963
2023-05-06 15:13:00,12925,101.0,555.0,75.23042297363281,0.08504568040370941,390.3494873046875,1.1882603168487549,658.4279174804688,7.054164409637451,60.0,13.61,648.6012573242188,1.8984017372131348,644.7394409179688,1.6225717067718506
2023-05-06 15:14:00,12926,101.0,555.0,75.11587524414062,0.07826020568609238,386.18682861328125,1.1646157503128052,653.3384399414062,7.173996925354004,60.0,13.61,641.8964233398438,1.9162485599517822,639.2869262695312,1.5578328371047974
2023-05-06 15:15:00,12927,101.0,555.0,74.8255386352539,0.07389955967664719,382.0062561035156,1.04933762550354,646.2567138671875,8.134860038757324,60.0,13.61,635.0752563476562,1.8125278949737549,634.1636962890625,1.1959881782531738
2023-05-06 15:16:00,12928,101.0,555.0,74.56151580810547,0.1178012564778328,378.7017822265625,0.7763181328773499,638.1671142578125,3.9560275077819824,60.0,13.6,629.4984741210938,1.2762305736541748,630.3214111328125,0.7341183423995972
2023-05-06 15:17:00,12929,101.0,555.0,74.30540466308594,0.061698757112026215,376.3233337402344,0.6788418292999268,643.1375122070312,5.8543219566345215,60.0,13.61,625.71484375,1.1402534246444702,628.2507934570312,0.9385721683502197
2023-05-06 15:18:00,12930,101.0,555.0,74.14864349365234,0.062357544898986816,373.5971984863281,0.6941596269607544,640.4088745117188,6.855493068695068,60.0,13.61,621.2059936523438,1.025474190711975,625.1353759765625,0.5579460859298706
2023-05-06 15:19:00,12931,101.0,555.0,74.02798461914062,0.08247087150812149,370.95587158203125,0.9590933918952942,639.935791015625,7.268256664276123,60.0,13.61,616.982666015625,1.5778062343597412,622.4583129882812,0.9752670526504517
2023-05-06 15:20:00,12932,101.0,555.0,73.84574127197266,0.06115610525012016,367.6195983886719,0.9817720055580139,639.2403564453125,7.522818565368652,60.0,13.61,611.4685668945312,1.605642557144165,618.6294555664062,1.2047053575515747
2023-05-06 15:21:00,12933,101.0,555.0,73.81063079833984,0.07930883020162582,364.2235412597656,1.0406835079193115,637.096435546875,7.402769565582275,60.0,13.59,605.9829711914062,1.6847957372665405,614.4118041992188,1.324634313583374
2023-05-06 15:22:00,12934,101.0,555.0,73.75032806396484,0.05296305939555168,361.40802001953125,0.9211591482162476,636.0576782226562,7.120515823364258,60.0,13.61,601.4459838867188,1.528664469718933,611.5153198242188,0.989371657371521
2023-05-06 15:23:00,12935,101.0,555.0,73.68360900878906,0.06487410515546799,357.9538269042969,1.04426109790802,635.447265625,7.285478591918945,60.0,13.61,595.663330078125,1.8956756591796875,607.1090698242188,1.282516360282898
2023-05-06 15:24:00,12936,101.0,555.0,73.51730346679688,0.07997332513332367,354.4209289550781,0.9324883222579956,626.6845092773438,5.983243465423584,60.0,13.61,590.1593627929688,1.4198620319366455,603.086669921875,1.1761010885238647
2023-05-06 15:25:00,12937,101.0,555.0,73.18510437011719,0.1743951290845871,350.4825744628906,1.3948878049850464,626.8922729492188,7.254770755767822,60.0,13.61,583.4942626953125,2.166050434112549,598.3881225585938,1.3473345041275024
2023-05-06 15:26:00,12938,101.0,555.0,72.64356994628906,0.11693261563777924,346.4163818359375,1.1967952251434326,624.0320434570312,7.810093402862549,60.0,13.6,576.5472412109375,1.8776644468307495,593.394287109375,1.2808340787887573
2023-05-06 15:27:00,12939,101.0,555.0,72.49974822998047,0.057340458035469055,343.0093688964844,0.8697171807289124,625.5800170898438,6.994626045227051,60.0,13.61,571.0233764648438,1.253580093383789,588.7229614257812,0.9278537034988403
2023-05-06 15:28:00,12940,101.0,555.0,72.23300170898438,0.14207498729228973,339.5703125,1.1522481441497803,623.5879516601562,7.335827350616455,60.0,13.61,565.1235961914062,2.0663537979125977,584.7946166992188,1.729329228401184
2023-05-06 15:29:00,12941,101.0,555.0,71.73355865478516,0.09373738616704941,335.2830810546875,1.3077865839004517,618.964599609375,8.195633888244629,60.0,13.61,557.9002075195312,2.046597957611084,579.4226684570312,1.4139747619628906
2023-05-06 15:30:00,12942,101.0,555.0,71.3319091796875,0.16835743188858032,331.5765380859375,0.991174578666687,616.4927368164062,7.3411712646484375,60.0,13.61,551.6058959960938,1.5480144023895264,574.7472534179688,0.9781194925308228
2023-05-06 15:31:00,12943,101.0,555.0,70.93949890136719,0.13465361297130585,327.94879150390625,1.3012080192565918,620.1520385742188,4.580121994018555,60.0,13.6,545.361572265625,2.1693062782287598,570.224853515625,1.69413161277771
2023-05-06 15:32:00,12944,101.0,555.0,70.4686050415039,0.12018803507089615,324.02197265625,0.8748614192008972,609.3978271484375,6.824155330657959,60.0,13.61,538.9315795898438,1.622810959815979,565.2677612304688,1.2975659370422363
2023-05-06 15:33:00,12945,101.0,555.0,70.26560974121094,0.06642398238182068,320.76849365234375,0.815848171710968,608.1563110351562,6.65159797668457,60.0,13.61,533.50390625,1.4835078716278076,561.357421875,1.4348667860031128
2023-05-06 15:34:00,12946,101.0,555.0,70.1026611328125,0.07372436672449112,317.38861083984375,0.9816501140594482,606.8162231445312,7.573742389678955,60.0,13.61,527.8364868164062,1.6778838634490967,556.9298095703125,1.5601823329925537
2023-05-06 15:35:00,12947,101.0,555.0,69.98698425292969,0.048841893672943115,313.6981506347656,1.1732728481292725,610.162353515625,7.483292102813721,60.0,13.61,522.1897583007812,1.7955186367034912,551.9017333984375,1.6248794794082642
2023-05-06 15:36:00,12948,101.0,555.0,69.88408660888672,0.07634410262107849,309.6847839355469,1.252607822418213,611.0413208007812,5.63887882232666,60.0,13.6,515.318603515625,1.979697823524475,545.694580078125,1.4033583402633667
2023-05-06 15:37:00,12949,101.0,555.0,69.56952667236328,0.09553177654743195,306.0166320800781,1.0578892230987549,608.006103515625,7.490561485290527,60.0,13.61,509.7293395996094,1.5286011695861816,541.3301391601562,1.0733132362365723
2023-05-06 15:38:00,12950,101.0,555.0,69.32246398925781,0.1002487987279892,302.0110778808594,1.2712196111679077,605.9788208007812,6.738943576812744,60.0,13.61,503.22625732421875,2.044001340866089,535.9246826171875,1.7876979112625122
2023-05-06 15:39:00,12951,101.0,555.0,69.08470153808594,0.08322515338659286,298.0007019042969,1.0237551927566528,601.1165771484375,6.659501075744629,60.0,13.61,496.6952209472656,1.796550989151001,530.4464721679688,1.6668022871017456
2023-05-06 15:40:00,12952,101.0,555.0,68.7914047241211,0.08301280438899994,294.63189697265625,0.9095233678817749,600.9259643554688,7.795404434204102,60.0,13.61,491.20245361328125,1.5359879732131958,526.4254150390625,1.1219165325164795
2023-05-06 15:41:00,12953,101.0,555.0,68.63790893554688,0.08951430767774582,291.3626708984375,0.9510186910629272,599.7747802734375,7.428710460662842,60.0,13.6,485.92724609375,1.5826746225357056,522.1686401367188,1.366910457611084
2023-05-06 15:42:00,12954,101.0,555.0,68.39436340332031,0.10347048193216324,287.7757263183594,1.0935280323028564,597.6881103515625,7.252828598022461,60.0,13.61,479.98388671875,1.8885562419891357,517.5298461914062,1.5050324201583862
2023-05-06 15:43:00,12955,101.0,555.0,68.1129379272461,0.11887586116790771,284.2552795410156,0.891384482383728,594.6602172851562,7.67853307723999,60.0,13.61,474.15594482421875,1.543806552886963,513.1654052734375,1.0794633626937866
2023-05-06 15:44:00,12956,101.0,555.0,67.80205535888672,0.11564109474420547,280.91217041015625,1.1120048761367798,599.8641357421875,8.205645561218262,60.0,13.61,468.40472412109375,1.7996762990951538,508.69940185546875,1.4038809537887573
2023-05-06 15:45:00,12957,101.0,555.0,67.43035125732422,0.14930100739002228,277.04412841796875,1.1075693368911743,604.7144165039062,3.8281877040863037,60.0,13.61,461.96435546875,1.7907943725585938,503.4021911621094,1.4280391931533813
2023-05-06 15:46:00,12958,101.0,555.0,67.12397003173828,0.08911468833684921,273.3447265625,1.0239872932434082,594.2262573242188,7.041572570800781,60.0,13.6,455.9276123046875,1.8570597171783447,498.7831115722656,1.6900867223739624
2023-05-06 15:47:00,12959,101.0,555.0,66.76361846923828,0.1311383843421936,269.8162536621094,1.0650074481964111,589.7379760742188,8.442317962646484,60.0,13.61,449.7145080566406,1.753305435180664,493.9667053222656,1.5470030307769775
2023-05-06 15:48:00,12960,101.0,555.0,66.3866195678711,0.09601692110300064,265.986328125,1.222510576248169,597.2071533203125,8.367231369018555,60.0,13.61,443.50421142578125,1.8704835176467896,488.6844787597656,1.3681007623672485
2023-05-06 15:49:00,12961,101.0,555.0,66.05149841308594,0.12673000991344452,262.24407958984375,0.9263147711753845,593.2816162109375,8.893622398376465,60.0,13.61,437.1000061035156,1.7604320049285889,483.62127685546875,1.4958034753799438
2023-05-06 15:50:00,12962,101.0,555.0,65.64163208007812,0.09071540087461472,258.8166809082031,1.073798418045044,597.679443359375,7.479761123657227,60.0,13.61,431.3558654785156,1.8096457719802856,479.03692626953125,1.3997946977615356
2023-05-06 15:51:00,12963,101.0,555.0,65.32630920410156,0.12053939700126648,255.21656799316406,1.016787052154541,603.368408203125,7.889348030090332,60.0,13.6,425.32391357421875,1.7068984508514404,473.76416015625,1.5084741115570068
2023-05-06 15:52:00,12964,101.0,555.0,65.04815673828125,0.0661366879940033,251.63507080078125,0.9856265187263489,606.7252807617188,8.875920295715332,60.0,13.61,419.5257568359375,1.615252137184143,469.06689453125,1.6046024560928345
2023-05-06 15:53:00,12965,101.0,555.0,64.97581481933594,0.07671970874071121,248.33421325683594,1.0161174535751343,615.2723999023438,10.111931800842285,60.0,13.61,414.1342468261719,1.520535945892334,464.1645812988281,1.5914970636367798
2023-05-06 15:54:00,12966,101.0,555.0,64.76078033447266,0.09874701499938965,245.42469787597656,0.5822144746780396,621.8883666992188,8.797991752624512,60.0,13.61,409.5384826660156,1.029589056968689,460.8309326171875,0.7560309767723083
2023-05-06 15:55:00,12967,101.0,555.0,64.4453353881836,0.12564390897750854,243.33111572265625,0.6991260051727295,637.7059326171875,8.001909255981445,60.0,13.61,405.9696960449219,1.1962569952011108,458.8578796386719,0.8114783763885498
2023-05-06 15:56:00,12968,101.0,555.0,64.02115631103516,0.1386878788471222,240.34849548339844,0.9573639035224915,646.601806640625,8.082026481628418,60.0,13.6,400.94219970703125,1.614554762840271,455.17376708984375,1.1213449239730835
2023-05-06 15:57:00,12969,101.0,555.0,63.61403274536133,0.09196384996175766,237.24200439453125,0.9460747838020325,654.3276977539062,6.919103145599365,60.0,13.61,395.7721862792969,1.5885510444641113,451.0991516113281,1.088354229927063
2023-05-06 15:58:00,12970,101.0,555.0,63.30915069580078,0.10677764564752579,233.87210083007812,1.0874462127685547,655.5768432617188,4.670672416687012,60.0,13.61,390.2576904296875,1.63274347782135,446.8624267578125,1.349078893661499
2023-05-06 15:59:00,12971,101.0,555.0,62.932838439941406,0.07740459591150284,230.3001251220703,1.0630985498428345,664.5545043945312,7.921921253204346,60.0,13.61,384.2400207519531,1.9162317514419556,441.44439697265625,1.8201276063919067
2023-05-06 16:00:00,12972,101.0,555.0,62.66363525390625,0.09111905843019485,226.6083526611328,1.0089370012283325,658.7078247070312,7.54440975189209,60.0,13.61,378.21282958984375,1.665404200553894,436.1045837402344,1.5830457210540771
2023-05-06 16:01:00,12973,101.0,555.0,62.35820770263672,0.12475302070379257,222.98756408691406,1.0432665348052979,654.1064453125,7.089045524597168,60.0,13.6,372.1759033203125,1.7707297801971436,430.57861328125,1.508137822151184
2023-05-06 16:02:00,12974,101.0,555.0,61.818790435791016,0.18699675798416138,219.32020568847656,0.9959475994110107,646.0731811523438,7.0402727127075195,60.0,13.61,366.1466979980469,1.763730525970459,425.31207275390625,1.4606231451034546
2023-05-06 16:03:00,12975,101.0,555.0,61.30693054199219,0.13793791830539703,215.94183349609375,0.9554377794265747,629.0267944335938,8.57224178314209,60.0,13.61,360.4786376953125,1.5734394788742065,420.7171936035156,1.5349533557891846
2023-05-06 16:04:00,12976,101.0,555.0,60.86979293823242,0.15940213203430176,212.58938598632812,0.9298717379570007,607.4063110351562,9.554198265075684,60.0,13.61,354.9471740722656,1.5323556661605835,415.8987121582031,1.3795015811920166
2023-05-06 16:05:00,12977,101.0,555.0,60.28694152832031,0.19376179575920105,209.06333923339844,1.0608757734298706,581.0723876953125,11.242600440979004,60.0,13.61,348.94720458984375,1.7994471788406372,410.8483581542969,1.573664903640747
2023-05-06 16:06:00,12978,101.0,555.0,59.81690979003906,0.14208117127418518,205.78208923339844,0.9861595034599304,552.0081176757812,11.462688446044922,60.0,13.6,343.4494934082031,1.5727990865707397,406.2174072265625,1.2671725749969482
2023-05-06 16:07:00,12979,101.0,555.0,59.37253189086914,0.15151283144950867,202.3507537841797,1.1681278944015503,524.6920166015625,11.769779205322266,60.0,13.61,337.6854248046875,1.8284924030303955,401.2048645019531,1.642707109451294
2023-05-06 16:08:00,12980,101.0,555.0,58.99309158325195,0.09312765300273895,198.7900390625,0.9831364750862122,497.5601806640625,10.347482681274414,60.0,13.61,331.7232666015625,1.5869144201278687,395.71099853515625,1.4548382759094238
2023-05-06 16:09:00,12981,101.0,555.0,58.78076934814453,0.06723001599311829,195.57559204101562,0.8258292078971863,477.70806884765625,5.383059978485107,60.0,13.61,326.63336181640625,1.5036386251449585,390.8453369140625,1.4289968013763428
2023-05-06 16:10:00,12982,101.0,555.0,58.474159240722656,0.12423203885555267,192.25076293945312,0.9529880881309509,484.33349609375,10.298030853271484,60.0,13.61,321.1451110839844,1.668428897857666,385.9595642089844,1.6876693964004517
2023-05-06 16:11:00,12983,101.0,555.0,58.0390510559082,0.12433678656816483,188.8091278076172,1.1527858972549438,498.7278137207031,7.157164096832275,60.0,13.6,315.1040344238281,1.7661949396133423,380.2774353027344,1.6101348400115967
2023-05-06 16:12:00,12984,101.0,555.0,57.831260681152344,0.05589813366532326,185.35818481445312,0.876655638217926,508.4064636230469,8.812739372253418,60.0,13.61,309.39080810546875,1.5070576667785645,375.2922058105469,1.5567392110824585
2023-05-06 16:13:00,12985,101.0,555.0,57.60713577270508,0.09063063561916351,182.12623596191406,0.9025983214378357,515.5011596679688,4.580550670623779,60.0,13.61,304.0760498046875,1.4695454835891724,369.9276428222656,1.3195239305496216
2023-05-06 16:14:00,12986,101.0,555.0,57.301780700683594,0.09687409549951553,178.96775817871094,0.9002945423126221,517.86962890625,7.34000301361084,60.0,13.61,299.0686950683594,1.6458265781402588,365.5473937988281,1.4523569345474243
2023-05-06 16:15:00,12987,101.0,555.0,56.883949279785156,0.10622550547122955,175.85623168945312,0.8838604688644409,512.4486083984375,4.883930683135986,60.0,13.61,294.2295837402344,1.427509069442749,361.2799377441406,1.2163584232330322
2023-05-06 16:16:00,12988,101.0,555.0,56.54994201660156,0.14580249786376953,172.68719482421875,0.9856656789779663,518.7117309570312,7.886270523071289,60.0,13.6,288.9809875488281,1.728598713874817,356.46209716796875,1.3435747623443604
2023-05-06 16:17:00,12989,101.0,555.0,56.10365295410156,0.11994821578264236,169.45066833496094,0.9272509217262268,516.9368286132812,8.842024803161621,60.0,13.61,283.5278015136719,1.4464325904846191,351.3554382324219,1.4422794580459595
2023-05-06 16:18:00,12990,101.0,555.0,55.610836029052734,0.20410051941871643,166.55409240722656,0.9577503204345703,523.752197265625,5.170098304748535,60.0,13.61,278.5910949707031,1.543358564376831,346.7826232910156,1.2694687843322754
2023-05-06 16:19:00,12991,101.0,555.0,54.995601654052734,0.14709298312664032,163.27146911621094,1.0709716081619263,517.7769165039062,4.735513210296631,60.0,13.61,273.1098327636719,1.5874582529067993,341.9795227050781,1.3239291906356812
2023-05-06 16:20:00,12992,101.0,555.0,54.4751091003418,0.15114672482013702,160.11988830566406,0.9150132536888123,521.2645263671875,6.124979019165039,60.0,13.61,267.7311096191406,1.6434969902038574,337.27398681640625,1.597955584526062
2023-05-06 16:21:00,12993,101.0,555.0,53.98908996582031,0.15209391713142395,156.78121948242188,0.9735559225082397,516.511962890625,6.900594711303711,60.0,13.6,262.1719970703125,1.70249605178833,332.39453125,1.7406855821609497
2023-05-06 16:22:00,12994,101.0,555.0,53.60966491699219,0.13542823493480682,153.51280212402344,0.9875404834747314,516.8782348632812,7.5284271240234375,60.0,13.61,256.80206298828125,1.5738762617111206,326.6630554199219,1.664246678352356
2023-05-06 16:23:00,12995,101.0,555.0,53.06452560424805,0.200654998421669,149.96717834472656,1.0934118032455444,512.0662841796875,7.648523807525635,60.0,13.61,251.03890991210938,1.7395199537277222,320.84332275390625,1.6241681575775146
2023-05-06 16:24:00,12996,101.0,555.0,52.38645935058594,0.2106582224369049,146.7614288330078,0.9013835787773132,503.6988220214844,7.8619065284729,60.0,13.61,245.51246643066406,1.493064045906067,315.4986267089844,1.4068961143493652
2023-05-06 16:25:00,12997,101.0,555.0,51.66055679321289,0.21996381878852844,143.64569091796875,1.02961266040802,499.48419189453125,7.948586463928223,60.0,13.61,240.14442443847656,1.708343505859375,310.89971923828125,1.5368907451629639
2023-05-06 16:26:00,12998,101.0,555.0,51.00847244262695,0.20705196261405945,140.38360595703125,0.9578531384468079,493.0751037597656,7.542035102844238,60.0,13.59,234.58056640625,1.6124248504638672,305.70416259765625,1.710081696510315
2023-05-06 16:27:00,12999,101.0,555.0,50.459999084472656,0.1573207974433899,137.3389129638672,0.8037779331207275,487.84820556640625,7.860048294067383,60.0,13.61,229.67506408691406,1.3794591426849365,300.6367492675781,1.5666648149490356
2023-05-06 16:28:00,13000,101.0,555.0,49.880104064941406,0.18600845336914062,134.1138916015625,0.94926917552948,480.7100524902344,7.991503715515137,60.0,13.6,224.54080200195312,1.7408840656280518,295.3409118652344,1.8039003610610962
2023-05-06 16:29:00,13001,101.0,555.0,49.19669723510742,0.21355290710926056,130.83119201660156,1.0762840509414673,476.9675598144531,5.950809001922607,60.0,13.6,218.92892456054688,1.5838980674743652,289.2071838378906,1.5208710432052612
2023-05-06 16:30:00,13002,101.0,555.0,48.42805862426758,0.2574361562728882,127.13506317138672,1.0717740058898926,465.0595397949219,8.26089859008789,60.0,13.61,212.6411590576172,1.8266832828521729,283.3189697265625,1.8116196393966675
2023-05-06 16:31:00,13003,101.0,555.0,47.687339782714844,0.20270495116710663,123.62760162353516,1.0112636089324951,455.9446716308594,8.698312759399414,60.0,13.6,206.63267517089844,1.5258631706237793,277.2122497558594,1.7332863807678223
2023-05-06 16:32:00,13004,101.0,555.0,47.06669235229492,0.17573311924934387,120.08533477783203,1.0269436836242676,444.69219970703125,5.117762088775635,60.0,13.61,201.0410919189453,1.7657755613327026,270.90997314453125,1.8584480285644531
2023-05-06 16:33:00,13005,101.0,555.0,46.53907012939453,0.13260352611541748,116.47245788574219,1.066343903541565,448.33203125,8.011114120483398,60.0,13.61,195.14251708984375,1.5986077785491943,263.98211669921875,1.7874071598052979
2023-05-06 16:34:00,13006,101.0,555.0,46.0511360168457,0.17911122739315033,113.39096069335938,0.7528879642486572,436.63922119140625,6.062643527984619,60.0,13.61,190.0997772216797,1.2987295389175415,258.39410400390625,1.3956563472747803
2023-05-06 16:35:00,13007,101.0,555.0,45.56071472167969,0.1671774536371231,110.75459289550781,0.9026860594749451,437.9825439453125,8.871538162231445,60.0,13.61,185.2765350341797,1.5256402492523193,253.7195587158203,1.3085675239562988
2023-05-06 16:36:00,13008,101.0,555.0,44.782283782958984,0.24195529520511627,107.39862823486328,1.0399197340011597,423.8490295410156,4.852285385131836,60.0,13.59,179.88616943359375,1.8008416891098022,248.51121520996094,1.7753769159317017
2023-05-06 16:37:00,13009,101.0,555.0,43.903831481933594,0.24212484061717987,103.74510955810547,1.1174662113189697,416.0838928222656,8.815447807312012,60.0,13.61,173.27207946777344,1.9194183349609375,240.8884735107422,2.3066518306732178
2023-05-06 16:38:00,13010,101.0,555.0,43.24623489379883,0.1721077859401703,100.37869262695312,0.8402119278907776,409.2045593261719,8.553391456604004,60.0,13.6,167.53346252441406,1.5010219812393188,233.93247985839844,1.5995343923568726
2023-05-06 16:39:00,13011,101.0,555.0,42.5318717956543,0.260621577501297,97.08045959472656,1.124832034111023,400.52740478515625,7.875851631164551,60.0,13.6,161.969482421875,1.9496550559997559,227.5883026123047,2.4761312007904053
2023-05-06 16:40:00,13012,101.0,555.0,41.649085998535156,0.22089989483356476,93.14845275878906,1.0196486711502075,385.9533996582031,7.807690620422363,60.0,13.6,155.2642059326172,1.761502742767334,219.33251953125,2.269557237625122
2023-05-06 16:41:00,13013,101.0,555.0,40.93074417114258,0.19559623301029205,89.97872924804688,0.854546844959259,379.7851257324219,7.003415107727051,60.0,13.59,149.94117736816406,1.4479011297225952,212.54986572265625,1.75120210647583
2023-05-06 16:42:00,13014,101.0,555.0,40.150142669677734,0.240822896361351,86.92839813232422,1.0223767757415771,371.1300048828125,8.378725051879883,60.0,13.61,144.77294921875,1.5727072954177856,206.6029510498047,1.5513228178024292
2023-05-06 16:43:00,13015,101.0,555.0,39.36900329589844,0.21464397013187408,84.13224029541016,0.7112661004066467,366.1875,6.9292497634887695,60.0,13.61,140.0906524658203,1.2014509439468384,201.54786682128906,1.1636748313903809
2023-05-06 16:44:00,13016,101.0,555.0,38.57735061645508,0.21931815147399902,81.26319122314453,0.9939180016517639,358.1136169433594,9.191609382629395,60.0,13.6,135.51776123046875,1.5057587623596191,196.8471221923828,1.468325138092041
2023-05-06 16:45:00,13017,101.0,555.0,37.8786735534668,0.2122964859008789,78.35985565185547,0.7608568072319031,350.86614990234375,7.173323154449463,60.0,13.6,130.72445678710938,1.2310736179351807,190.8832244873047,1.7482469081878662
2023-05-06 16:46:00,13018,101.0,555.0,37.36368179321289,0.1764741837978363,75.55857849121094,0.7714927196502686,337.06219482421875,4.880335330963135,60.0,13.59,126.1153793334961,1.269119381904602,185.51931762695312,1.6460795402526855
2023-05-06 16:47:00,13019,101.0,555.0,36.69551467895508,0.20204965770244598,73.1060562133789,0.7409650087356567,331.70947265625,40.82047653198242,59.0,13.6,122.07868194580078,1.1050646305084229,180.091796875,1.321606993675232
2023-05-06 16:48:00,13020,101.0,555.0,35.99156188964844,0.18555888533592224,70.5707015991211,0.7373277544975281,328.8404846191406,8.644715309143066,60.0,13.6,118.03620147705078,1.281221866607666,175.2783203125,1.387747049331665
2023-05-06 16:49:00,13021,101.0,555.0,35.36691665649414,0.21803177893161774,68.07476043701172,0.7714802622795105,323.8931579589844,6.483743667602539,60.0,13.6,113.8057632446289,1.2149641513824463,169.8726348876953,1.526149034500122
2023-05-06 16:50:00,13022,101.0,555.0,34.4643440246582,0.2752745747566223,65.19430541992188,0.7812045812606812,312.1029968261719,6.5746750831604,60.0,13.6,109.02896118164062,1.4498189687728882,163.97096252441406,1.934354305267334
2023-05-06 16:51:00,13023,101.0,555.0,33.62073516845703,0.23265275359153748,62.35970687866211,0.7779875993728638,300.66802978515625,8.016088485717773,60.0,13.59,104.24980163574219,1.4021483659744263,158.09725952148438,1.7108032703399658
2023-05-06 16:52:00,13024,101.0,555.0,32.8286018371582,0.24011193215847015,59.91483688354492,0.7100705504417419,296.8264465332031,6.692200183868408,60.0,13.6,99.9417953491211,1.1923240423202515,152.5899200439453,1.5210233926773071
2023-05-06 16:53:00,13025,101.0,555.0,32.00308609008789,0.2574693560600281,57.160343170166016,0.8468478322029114,285.5281982421875,8.858627319335938,60.0,13.6,95.68472290039062,1.3811562061309814,147.0623321533203,1.990332007408142
2023-05-06 16:54:00,13026,101.0,555.0,31.221017837524414,0.2562422454357147,54.61089324951172,0.7531751990318298,274.5809631347656,8.462858200073242,60.0,13.6,91.48684692382812,1.202325701713562,141.4427947998047,1.5874998569488525
2023-05-06 16:55:00,13027,101.0,555.0,30.33527946472168,0.2719894051551819,51.905033111572266,0.8261105418205261,264.7070007324219,9.310161590576172,60.0,13.6,86.96228790283203,1.4273216724395752,135.0978240966797,1.8898718357086182
2023-05-06 16:56:00,13028,101.0,555.0,29.342607498168945,0.30408528447151184,49.05331039428711,0.807476282119751,255.84222412109375,7.055017471313477,60.0,13.59,82.18745422363281,1.3878982067108154,128.2698974609375,2.068831205368042
2023-05-06 16:57:00,13029,101.0,555.0,28.341156005859375,0.24438036978244781,46.12308883666992,0.8081506490707397,237.57057189941406,7.261750221252441,60.0,13.6,77.5412826538086,1.3140027523040771,121.70018005371094,1.81936514377594
2023-05-06 16:58:00,13030,101.0,555.0,27.45247459411621,0.2796071171760559,43.62136459350586,0.7870873808860779,222.79827880859375,4.822392463684082,60.0,13.6,73.0511703491211,1.277757167816162,114.9449234008789,2.1751790046691895
2023-05-06 16:59:00,13031,101.0,555.0,26.432706832885742,0.3345884382724762,40.89524459838867,0.8470783829689026,205.34527587890625,12.895687103271484,60.0,13.6,68.49578094482422,1.315320372581482,107.69586944580078,2.0028040409088135
2023-05-06 17:00:00,13032,101.0,555.0,25.355905532836914,0.2574067711830139,38.22420120239258,0.5961273312568665,190.08766174316406,5.325577259063721,60.0,13.6,64.2820816040039,1.1590012311935425,100.43315124511719,1.885183572769165
2023-05-06 17:01:00,13033,101.0,555.0,24.496009826660156,0.2737455368041992,36.09967041015625,0.5505084991455078,181.05264282226562,7.433986186981201,60.0,13.59,60.647850036621094,0.9419599771499634,94.97440338134766,1.3201065063476562
2023-05-06 17:02:00,13034,101.0,555.0,23.64769744873047,0.2606137990951538,34.209712982177734,0.6379680037498474,173.92457580566406,8.063539505004883,60.0,13.6,57.42450714111328,1.0229356288909912,90.29512786865234,1.6905601024627686
2023-05-06 17:03:00,13035,101.0,555.0,22.728757858276367,0.2946849465370178,31.964387893676758,0.6199209690093994,157.5641632080078,8.15436840057373,60.0,13.6,53.7713508605957,1.0412888526916504,84.19634246826172,1.748221516609192
2023-05-06 17:04:00,13036,101.0,555.0,21.173633575439453,0.6275530457496643,28.438615798950195,1.5054618120193481,124.47945404052734,18.365020751953125,37.0,13.6,47.67452621459961,2.5863280296325684,71.29102325439453,6.152625560760498
2023-05-06 17:05:00,13037,101.0,555.0,19.081796646118164,0.6064879298210144,23.757497787475586,1.3400274515151978,74.11109924316406,16.997127532958984,0.0,13.6,39.61143112182617,2.324587821960449,51.841304779052734,5.615683078765869
2023-05-06 17:06:00,13038,101.0,555.0,16.788196563720703,0.5368668437004089,18.78582000732422,1.1192076206207275,18.814680099487305,12.33480167388916,0.0,13.59,31.012113571166992,1.9624695777893066,29.955791473388672,5.285462379455566
2023-05-06 17:07:00,13039,101.0,555.0,15.596175193786621,0.24062763154506683,16.744140625,0.3172975778579712,8.027687072753906,6.919888019561768,0.0,13.6,27.593841552734375,0.44761648774147034,22.17476463317871,0.541940450668335
2023-05-06 17:08:00,13040,101.0,555.0,14.799335479736328,0.2391802817583084,15.79354190826416,0.3456428647041321,6.8239922523498535,6.274154186248779,0.0,13.6,26.16401481628418,0.4661136865615845,20.85441780090332,0.24882127344608307
2023-05-06 17:09:00,13041,101.0,555.0,14.038235664367676,0.18805748224258423,14.959402084350586,0.25375235080718994,7.720889568328857,6.820114612579346,0.0,13.6,24.82876205444336,0.39471593499183655,19.59705924987793,0.42302560806274414
2023-05-06 17:10:00,13042,101.0,555.0,13.439165115356445,0.17110787332057953,14.244183540344238,0.22404882311820984,6.926049709320068,7.5145463943481445,0.0,13.6,23.67847442626953,0.3088199198246002,18.71590232849121,0.3540242314338684
2023-05-06 17:11:00,13043,101.0,555.0,12.88127613067627,0.17351432144641876,13.657444953918457,0.20371104776859283,7.380356311798096,5.397578716278076,0.0,13.59,22.56117820739746,0.374075710773468,17.815343856811523,0.3335109353065491
2023-05-06 17:12:00,13044,101.0,555.0,12.155133247375488,0.23037567734718323,12.841915130615234,0.3475072979927063,-1.7258646488189697,3.8083388805389404,0.0,13.6,21.301517486572266,0.3488633930683136,17.086017608642578,0.25137871503829956
2023-05-06 17:13:00,13045,101.0,555.0,11.358817100524902,0.17702502012252808,11.973188400268555,0.18521514534950256,6.39262056350708,7.389117240905762,0.0,13.6,19.997533798217773,0.42349517345428467,15.79606819152832,0.4853020906448364
2023-05-06 17:14:00,13046,101.0,555.0,10.752745628356934,0.19749002158641815,11.292962074279785,0.22155459225177765,5.07545804977417,5.426552772521973,0.0,13.6,18.641918182373047,0.321832537651062,14.884623527526855,0.2224508672952652
2023-05-06 17:15:00,13047,101.0,555.0,10.07980728149414,0.1778610497713089,10.5779390335083,0.17205125093460083,8.538445472717285,4.687780857086182,0.0,13.6,17.627979278564453,0.410584032535553,13.878020286560059,0.4808726906776428
2023-05-06 17:16:00,13048,101.0,555.0,9.404834747314453,0.23244626820087433,9.81495189666748,0.3230587840080261,5.836183547973633,5.516960144042969,0.0,13.59,16.27220344543457,0.38333719968795776,12.95399284362793,0.27002379298210144
2023-05-06 17:17:00,13049,101.0,555.0,8.659062385559082,0.24356311559677124,8.955495834350586,0.28281453251838684,3.951371669769287,6.432866096496582,0.0,13.6,14.892054557800293,0.3590375483036041,12.00048828125,0.39230385422706604
2023-05-06 17:18:00,13050,101.0,555.0,8.039778709411621,0.1604405790567398,8.214142799377441,0.2250656932592392,4.201220512390137,6.789093494415283,0.0,13.6,13.662322044372559,0.2580429017543793,11.905386924743652,0.3251732587814331
2023-05-06 17:19:00,13051,101.0,555.0,7.487364768981934,0.20644277334213257,7.5954999923706055,0.2240857034921646,2.0892691612243652,6.820611953735352,0.0,13.6,12.536581993103027,0.359063982963562,11.709538459777832,0.4999404847621918
2023-05-06 17:20:00,13052,101.0,555.0,6.76852560043335,0.21410827338695526,6.8535475730896,0.1219063252210617,2.713789939880371,5.6884918212890625,0.0,13.6,11.39210033416748,0.3436180055141449,9.863760948181152,0.7215671539306641
2023-05-06 17:21:00,13053,101.0,555.0,6.229811668395996,0.19080974161624908,6.3352227210998535,0.15463370084762573,6.755990982055664,1.375531554222107,0.0,13.59,10.306066513061523,0.2718495726585388,8.608975410461426,0.27582037448883057
2023-05-06 17:22:00,13054,101.0,555.0,5.61704683303833,0.15411151945590973,5.662721633911133,0.26307448744773865,1.3171194791793823,6.92403507232666,0.0,13.6,9.267597198486328,0.37392479181289673,7.964594841003418,0.24720604717731476
2023-05-06 17:23:00,13055,101.0,555.0,5.039022922515869,0.19762960076332092,5.053868293762207,0.1706986278295517,7.130484580993652,2.97853422164917,0.0,13.6,8.167207717895508,0.26577767729759216,6.859313011169434,0.3685128390789032
2023-05-06 17:24:00,13056,101.0,555.0,4.500974655151367,0.14276781678199768,4.3715314865112305,0.17669743299484253,3.4062600135803223,7.530862808227539,0.0,13.6,7.213902473449707,0.38769254088401794,6.389338493347168,0.21015386283397675
2023-05-06 17:25:00,13057,101.0,555.0,4.014035224914551,0.14381225407123566,3.868955373764038,0.1984068900346756,2.3275821208953857,6.085977077484131,0.0,13.6,6.245100498199463,0.3624482750892639,5.664548397064209,0.24685487151145935
2023-05-06 17:26:00,13058,101.0,555.0,3.4753518104553223,0.17570027709007263,3.3933072090148926,0.18640641868114471,5.495416164398193,2.8899619579315186,0.0,13.59,5.346016883850098,0.2877761423587799,4.57741117477417,0.2768106758594513
2023-05-06 17:27:00,13059,101.0,555.0,2.943225383758545,0.15610656142234802,2.6624412536621094,0.12795740365982056,3.031597375869751,6.991250514984131,0.0,13.6,4.350722789764404,0.3155367076396942,4.081424236297607,0.41272929310798645
2023-05-06 17:28:00,13060,101.0,555.0,2.4562606811523438,0.13479623198509216,2.1828057765960693,0.10863053053617477,4.802794456481934,8.184835433959961,0.0,13.6,3.4581947326660156,0.27816373109817505,3.3701906204223633,0.36576348543167114
2023-05-06 17:29:00,13061,101.0,555.0,1.995534062385559,0.1498369574546814,1.6657968759536743,0.1979362666606903,5.688404560089111,6.545903205871582,0.0,13.6,2.707259178161621,0.2534818947315216,2.7767629623413086,0.14438599348068237
2023-05-06 17:30:00,13062,101.0,555.0,1.6311590671539307,0.08325503021478653,1.1711087226867676,0.12398949265480042,-0.715319812297821,5.237915515899658,0.0,13.6,1.8214263916015625,0.31274083256721497,2.2943382263183594,0.30141836404800415
2023-05-06 17:31:00,13063,101.0,555.0,1.251706600189209,0.1296617090702057,0.6954448223114014,0.18929079174995422,1.646374225616455,5.681182384490967,0.0,13.59,1.2087485790252686,0.224073588848114,1.8730577230453491,0.22308564186096191
2023-05-06 17:32:00,13064,101.0,555.0,0.8696195483207703,0.12518471479415894,0.30769380927085876,0.20078013837337494,0.49958160519599915,7.9988532066345215,0.0,13.6,0.4722073972225189,0.18926572799682617,1.3328500986099243,0.18108344078063965
2023-05-06 17:33:00,13065,101.0,555.0,0.5360584855079651,0.10327558219432831,-0.03477149084210396,0.09345409274101257,1.2943196296691895,8.89788818359375,0.0,13.6,-0.1216464713215828,0.29899537563323975,0.896872341632843,0.16633754968643188
2023-05-06 17:34:00,13066,101.0,555.0,0.1900455206632614,0.10579054057598114,-0.4218500852584839,0.1531473994255066,-3.8945422172546387,7.337502956390381,0.0,13.6,-0.8459946513175964,0.19519558548927307,0.5084549784660339,0.3042367398738861
2023-05-06 17:35:00,13067,101.0,555.0,-0.1861143559217453,0.1047385111451149,-0.8312380313873291,0.12573860585689545,5.4160542488098145,6.52192497253418,0.0,13.6,-1.2783966064453125,0.19340071082115173,-0.04189962148666382,0.11307774484157562
2023-05-06 17:36:00,13068,101.0,555.0,-0.42334479093551636,0.061489615589380264,-1.0831693410873413,0.09019215404987335,-2.0438153743743896,6.052720546722412,0.0,13.59,-1.8114326000213623,0.23624469339847565,-0.20157109200954437,0.21734242141246796
2023-05-06 17:37:00,13069,101.0,555.0,-0.6402528882026672,0.07866905629634857,-1.3029379844665527,0.14150866866111755,1.578245759010315,8.607860565185547,0.0,13.6,-2.2902536392211914,0.21822069585323334,-0.5141139030456543,0.24540646374225616
2023-05-06 17:38:00,13070,101.0,555.0,-0.857821524143219,0.10240568965673447,-1.5292803049087524,0.15327154099941254,6.494662284851074,6.298647403717041,0.0,13.6,-2.6308631896972656,0.12810583412647247,-0.9976532459259033,0.20097899436950684
2023-05-06 17:39:00,13071,101.0,555.0,-1.0118249654769897,0.08085788041353226,-1.7930203676223755,0.11530857533216476,-0.2838522493839264,8.127776145935059,0.0,13.6,-3.0234522819519043,0.1470601111650467,-0.9308429956436157,0.23513859510421753
2023-05-06 17:40:00,13072,101.0,555.0,-1.1868102550506592,0.07338715344667435,-1.9413120746612549,0.13105234503746033,4.098806381225586,8.939131736755371,0.0,13.6,-3.3088040351867676,0.15726086497306824,-1.2830373048782349,0.24375221133232117
2023-05-06 17:41:00,13073,101.0,555.0,-1.3060932159423828,0.05230830982327461,-2.135528802871704,0.09108605235815048,-1.5327814817428589,6.310941219329834,0.0,13.59,-3.5709311962127686,0.15251311659812927,-1.2977708578109741,0.18049471080303192
2023-05-06 17:42:00,13074,101.0,555.0,-1.3755801916122437,0.06979012489318848,-2.161804437637329,0.10422634333372116,4.961745262145996,7.538100242614746,0.0,13.6,-3.6837878227233887,0.11069571226835251,-1.4687904119491577,0.23993736505508423
2023-05-06 17:43:00,13075,101.0,555.0,-1.4647144079208374,0.06118084117770195,-2.169687509536743,0.11159412562847137,3.145123243331909,7.751620292663574,0.0,13.6,-3.801032066345215,0.13923583924770355,-1.542407512664795,0.2164047211408615
2023-05-06 17:44:00,13076,101.0,555.0,-1.5368232727050781,0.051415618509054184,-2.3330841064453125,0.11246676743030548,3.3949687480926514,7.653740406036377,0.0,13.6,-3.8641197681427,0.1301243007183075,-1.5537521839141846,0.24856677651405334
2023-05-06 17:45:00,13077,101.0,555.0,-1.5931766033172607,0.06195652857422829,-2.374406576156616,0.11396856606006622,1.5669316053390503,7.5844879150390625,0.0,13.6,-4.013401508331299,0.11713163554668427,-1.5979118347167969,0.18916180729866028
2023-05-06 17:46:00,13078,101.0,555.0,-1.670493483543396,0.05897810310125351,-2.408501148223877,0.10911407321691513,1.5782324075698853,7.687876224517822,0.0,13.59,-4.178144931793213,0.12411883473396301,-1.7519100904464722,0.2557722330093384
2023-05-06 17:47:00,13079,101.0,555.0,-1.7661736011505127,0.05040200427174568,-2.55218243598938,0.11547917872667313,3.2359848022460938,8.607098579406738,0.0,13.6,-4.29536771774292,0.1298387497663498,-1.8957303762435913,0.286051481962204
2023-05-06 17:48:00,13080,101.0,555.0,-1.813357949256897,0.06583268940448761,-2.6243510246276855,0.11079918593168259,-1.0332505702972412,8.787595748901367,0.0,13.6,-4.4855828285217285,0.13392052054405212,-1.967073917388916,0.26063936948776245
2023-05-06 17:49:00,13081,101.0,555.0,-1.8546427488327026,0.040716130286455154,-2.6466546058654785,0.10932039469480515,3.1906352043151855,6.886703014373779,0.0,13.6,-4.505483627319336,0.10678842663764954,-2.0520057678222656,0.237588569521904
2023-05-06 17:50:00,13082,101.0,555.0,-1.8788894414901733,0.06661161035299301,-2.6991395950317383,0.0636228695511818,-4.916543483734131,2.96466064453125,0.0,13.6,-4.502162456512451,0.0792771652340889,-1.7711560726165771,0.13062052428722382
2023-05-06 17:51:00,13083,101.0,555.0,-1.8585675954818726,0.06334883719682693,-2.6564853191375732,0.11420200765132904,2.089266061782837,8.173371315002441,0.0,13.59,-4.536430835723877,0.10133389383554459,-2.040673017501831,0.24149589240550995
2023-05-06 17:52:00,13084,101.0,555.0,-1.9162144660949707,0.06690283119678497,-2.6728551387786865,0.11627418547868729,3.8606197834014893,7.565710067749023,0.0,13.6,-4.639223098754883,0.12545914947986603,-2.194657564163208,0.25430744886398315
2023-05-06 17:53:00,13085,101.0,555.0,-2.003338098526001,0.06275773048400879,-2.82763671875,0.09592907875776291,3.2361223697662354,8.270134925842285,0.0,13.6,-4.7010674476623535,0.13149675726890564,-2.3078603744506836,0.23633570969104767
2023-05-06 17:54:00,13086,101.0,555.0,-2.0649425983428955,0.06904133409261703,-2.885375499725342,0.1090637594461441,0.6698698401451111,8.636798858642578,0.0,13.6,-4.9134039878845215,0.12260281294584274,-2.3373072147369385,0.2735307812690735
2023-05-06 17:55:00,13087,101.0,555.0,-2.10491943359375,0.055358901619911194,-2.88012957572937,0.1083204448223114,5.575067043304443,8.5909423828125,0.0,13.6,-4.893502235412598,0.11721764504909515,-2.42903470993042,0.2397811859846115
2023-05-06 17:56:00,13088,101.0,555.0,-2.0656089782714844,0.05852651596069336,-2.893263578414917,0.11283596605062485,0.8515699505805969,8.122514724731445,0.0,13.59,-4.922276973724365,0.1208372563123703,-2.2761688232421875,0.2244940549135208
2023-05-06 17:57:00,13089,101.0,555.0,-2.0479180812835693,0.06551719456911087,-2.872929811477661,0.11929092556238174,1.498754620552063,7.98050594329834,0.0,13.6,-4.923389911651611,0.12162519246339798,-2.2206830978393555,0.2727658152580261
2023-05-06 17:58:00,13090,101.0,555.0,-2.0131947994232178,0.04528944194316864,-2.7758445739746094,0.07204563915729523,3.6788482666015625,7.488996505737305,0.0,13.6,-4.941107749938965,0.12142635881900787,-2.4018826484680176,0.24144649505615234
2023-05-06 17:59:00,13091,101.0,555.0,-2.026320695877075,0.05628626048564911,-2.874282121658325,0.10073066502809525,5.154986381530762,7.990917682647705,0.0,13.6,-4.829458236694336,0.12057812511920929,-2.323767900466919,0.18266890943050385
2023-05-06 18:00:00,13092,101.0,555.0,-2.0027496814727783,0.060006603598594666,-2.8552870750427246,0.11214276403188705,-2.6115636825561523,7.198330879211426,0.0,13.6,-4.923512935638428,0.10547392815351486,-2.083712100982666,0.22110389173030853
2023-05-06 18:01:00,13093,101.0,555.0,-2.0394508838653564,0.06790384650230408,-2.783775806427002,0.13619357347488403,3.417759418487549,6.986058235168457,0.0,13.59,-4.864903450012207,0.12618602812290192,-2.3328535556793213,0.301751047372818
2023-05-06 18:02:00,13094,101.0,555.0,-2.0335533618927,0.06053043156862259,-2.8224856853485107,0.10835567116737366,3.5767464637756348,7.851668357849121,0.0,13.6,-4.852739334106445,0.13185881078243256,-2.1833701133728027,0.28545016050338745
2023-05-06 18:03:00,13095,101.0,555.0,-2.051246166229248,0.05427946150302887,-2.79952073097229,0.11590837687253952,2.577462911605835,7.853899002075195,0.0,13.6,-4.827300071716309,0.1060464009642601,-2.160719394683838,0.24866552650928497
2023-05-06 18:04:00,13096,101.0,555.0,-2.0879502296447754,0.0526089183986187,-2.838235378265381,0.11424930393695831,2.963529348373413,7.798325061798096,0.0,13.6,-4.832839488983154,0.13554170727729797,-2.269439458847046,0.2344607710838318
2023-05-06 18:05:00,13097,101.0,555.0,-2.1226956844329834,0.06237594038248062,-2.9071414470672607,0.1197955533862114,3.2587761878967285,8.113677024841309,0.0,13.6,-4.9147047996521,0.13699118793010712,-2.3860960006713867,0.2692567706108093
2023-05-06 18:06:00,13098,101.0,555.0,-2.1240131855010986,0.06520280987024307,-2.9202723503112793,0.1081644594669342,1.669118046760559,8.332137107849121,0.0,13.59,-4.931309223175049,0.11201528459787369,-2.3113605976104736,0.24261920154094696
2023-05-06 18:07:00,13099,101.0,555.0,-2.134505033493042,0.06262369453907013,-2.9373388290405273,0.10902046412229538,3.1565120220184326,7.083117961883545,0.0,13.6,-4.960076808929443,0.1461956650018692,-2.4427332878112793,0.29990309476852417
2023-05-06 18:08:00,13100,101.0,555.0,-2.1495416164398193,0.06367809325456619,-2.9851832389831543,0.12201232463121414,1.8166624307632446,7.364314079284668,0.0,13.6,-5.030770301818848,0.11134835332632065,-2.483459234237671,0.29051023721694946
2023-05-06 18:09:00,13101,101.0,555.0,-2.1534643173217773,0.05195038393139839,-2.981889247894287,0.11217857152223587,3.076969623565674,6.766337871551514,0.0,13.6,-5.009736061096191,0.14205527305603027,-2.454005479812622,0.26053839921951294
2023-05-06 18:10:00,13102,101.0,555.0,-2.1855733394622803,0.06018829718232155,-2.9982876777648926,0.11791209876537323,1.0332125425338745,6.334047794342041,0.0,13.6,-5.081613540649414,0.13120195269584656,-2.423426389694214,0.2504720985889435
2023-05-06 18:11:00,13103,101.0,555.0,-2.2098209857940674,0.053626202046871185,-3.021906852722168,0.09811414778232574,3.7695095539093018,6.964561939239502,0.0,13.59,-5.123637676239014,0.12419120967388153,-2.598954916000366,0.20331993699073792
2023-05-06 18:12:00,13104,101.0,555.0,-2.1986804008483887,0.051414232701063156,-3.1032605171203613,0.130393385887146,0.8515678644180298,5.697915554046631,0.0,13.6,-5.129167079925537,0.09484992176294327,-2.3124470710754395,0.21556895971298218
2023-05-06 18:13:00,13105,101.0,555.0,-2.1652565002441406,0.056466273963451385,-3.0028786659240723,0.11388514190912247,1.1354573965072632,6.585936546325684,0.0,13.6,-5.036269187927246,0.14267398416996002,-2.2546913623809814,0.2733360230922699
2023-05-06 18:14:00,13106,101.0,555.0,-2.1115174293518066,0.05801181122660637,-2.9162750244140625,0.09155786782503128,2.918091058731079,7.115991592407227,0.0,13.6,-4.922359943389893,0.144102543592453,-2.2161874771118164,0.24025645852088928
2023-05-06 18:15:00,13107,101.0,555.0,-2.0911736488342285,0.06196059286594391,-2.861781597137451,0.1239142119884491,4.450879096984863,7.297671318054199,0.0,13.6,-4.904599666595459,0.10371386259794235,-2.320340871810913,0.26774051785469055
2023-05-06 18:16:00,13108,101.0,555.0,-2.0695407390594482,0.04867299273610115,-2.9490294456481934,0.10422324389219284,-3.0883381366729736,4.661274433135986,0.0,13.59,-4.958770751953125,0.09527892619371414,-2.036094903945923,0.1961239129304886
2023-05-06 18:17:00,13109,101.0,555.0,-2.032170057296753,0.046241238713264465,-2.910297393798828,0.04422474652528763,8.300082206726074,1.3074359893798828,0.0,13.6,-5.073740482330322,0.1052381694316864,-2.449409246444702,0.11990214884281158
2023-05-06 18:18:00,13110,101.0,555.0,-2.095750570297241,0.05480656772851944,-2.861111640930176,0.07024113833904266,6.50603723526001,3.135331869125366,0.0,13.6,-5.081515789031982,0.12492131441831589,-2.6192867755889893,0.2419387549161911
2023-05-06 18:19:00,13111,101.0,555.0,-2.1252617835998535,0.07712691277265549,-2.9543025493621826,0.09243665635585785,8.163670539855957,3.0731732845306396,0.0,13.6,-5.024058818817139,0.13495029509067535,-2.5038063526153564,0.16402286291122437
2023-05-06 18:20:00,13112,101.0,555.0,-2.195399284362793,0.0523454025387764,-3.1098153591156006,0.06856486201286316,2.225442409515381,7.729348182678223,0.0,13.6,-4.9964494705200195,0.11827193200588226,-2.396242618560791,0.22393031418323517
2023-05-06 18:21:00,13113,101.0,555.0,-2.1868879795074463,0.04873846843838692,-3.0389702320098877,0.10727684944868088,-1.6576875448226929,8.406610488891602,0.0,13.59,-5.1789422035217285,0.09180321544408798,-2.4868478775024414,0.2678512632846832
2023-05-06 18:22:00,13114,101.0,555.0,-2.215742349624634,0.04859702289104462,-3.124943733215332,0.07297570258378983,5.256858825683594,6.980676174163818,0.0,13.6,-5.013099670410156,0.08937240391969681,-2.5978493690490723,0.1490534245967865
2023-05-06 18:23:00,13115,101.0,555.0,-2.2131154537200928,0.06813793629407883,-3.108534574508667,0.10587477684020996,-0.442814439535141,6.0979695320129395,0.0,13.6,-5.175657272338867,0.10422224551439285,-2.507246255874634,0.277853399515152
2023-05-06 18:24:00,13116,101.0,555.0,-2.2445456981658936,0.05665959417819977,-3.115057945251465,0.10500530898571014,4.1100640296936035,7.801915168762207,0.0,13.6,-5.155689716339111,0.12192980200052261,-2.5581772327423096,0.25748711824417114
2023-05-06 18:25:00,13117,101.0,555.0,-2.2989556789398193,0.054895415902137756,-3.124265432357788,0.11851903051137924,4.484837532043457,7.032774448394775,0.0,13.6,-5.24530553817749,0.14203587174415588,-2.715607166290283,0.2817988097667694
2023-05-06 18:26:00,13118,101.0,555.0,-2.3841705322265625,0.054184600710868835,-3.239763021469116,0.08898644894361496,-0.8742629885673523,6.561539649963379,0.0,13.59,-5.436671257019043,0.17255088686943054,-2.7779133319854736,0.24999068677425385
2023-05-06 18:27:00,13119,101.0,555.0,-2.430070400238037,0.05065625533461571,-3.3513331413269043,0.09161032736301422,-0.3292491137981415,6.722655773162842,0.0,13.6,-5.64906644821167,0.16367223858833313,-2.921765089035034,0.18935371935367584
2023-05-06 18:28:00,13120,101.0,555.0,-2.4543280601501465,0.06432894617319107,-3.4117064476013184,0.11356362700462341,1.7030872106552124,6.580766201019287,0.0,13.6,-5.698853969573975,0.1449190080165863,-3.0191690921783447,0.23549963533878326
2023-05-06 18:29:00,13121,101.0,555.0,-2.475290536880493,0.05717416852712631,-3.4405624866485596,0.1294088512659073,2.213989734649658,5.484658718109131,0.0,13.6,-5.72316312789917,0.09739052504301071,-3.07578182220459,0.28797653317451477
2023-05-06 18:30:00,13122,101.0,555.0,-2.4090967178344727,0.06169980391860008,-3.5468461513519287,0.06085822358727455,-2.65678071975708,2.900078773498535,0.0,13.6,-5.750805377960205,0.09436195343732834,-2.690739631652832,0.1520363688468933
2023-05-06 18:31:00,13123,101.0,555.0,-2.4379255771636963,0.0621725395321846,-3.500253200531006,0.07161630690097809,6.1537041664123535,7.390516757965088,0.0,13.59,-5.6612091064453125,0.10936324298381805,-2.925151824951172,0.2534567713737488
2023-05-06 18:32:00,13124,101.0,555.0,-2.4071011543273926,0.04767206683754921,-3.457575798034668,0.12266317754983902,-1.6576354503631592,4.011620998382568,0.0,13.6,-5.7816996574401855,0.1072831004858017,-2.5910496711730957,0.22685934603214264
2023-05-06 18:33:00,13125,101.0,555.0,-2.4156007766723633,0.04940797761082649,-3.384721279144287,0.06367364525794983,-2.2253098487854004,5.482094764709473,0.0,13.6,-5.891136646270752,0.09848731011152267,-2.790339946746826,0.13862141966819763
2023-05-06 18:34:00,13126,101.0,555.0,-2.422126054763794,0.055703118443489075,-3.4220783710479736,0.12404923886060715,6.585062026977539,6.474122524261475,0.0,13.6,-5.6433491706848145,0.10452795773744583,-2.870708703994751,0.21291853487491608
2023-05-06 18:35:00,13127,101.0,555.0,-2.3415133953094482,0.05440014228224754,-3.33284330368042,0.08909054100513458,13.260953903198242,1.087573766708374,0.0,13.6,-5.520580768585205,0.09289316833019257,-2.7653861045837402,0.09471835196018219
2023-05-06 18:36:00,13128,101.0,555.0,-2.2550160884857178,0.052668169140815735,-3.2849605083465576,0.08144567906856537,0.930988073348999,8.721951484680176,0.0,13.59,-5.390103340148926,0.09334118664264679,-2.3996198177337646,0.23813103139400482
2023-05-06 18:37:00,13129,101.0,555.0,-2.1744132041931152,0.05666152387857437,-3.096672534942627,0.08703381568193436,3.8261234760284424,7.419764041900635,0.0,13.6,-5.3624653816223145,0.1214333027601242,-2.511735200881958,0.202314555644989
2023-05-06 18:38:00,13130,101.0,555.0,-2.211120128631592,0.049926478415727615,-3.0881545543670654,0.10375771671533585,4.711690902709961,6.0011982917785645,0.0,13.6,-5.128035068511963,0.09848672896623611,-2.541187286376953,0.23181508481502533
2023-05-06 18:39:00,13131,101.0,555.0,-2.2059032917022705,0.05729098618030548,-3.1446142196655273,0.09427601844072342,-2.407036542892456,5.512521266937256,0.0,13.6,-5.151320457458496,0.13272172212600708,-2.3124616146087646,0.16824857890605927
2023-05-06 18:40:00,13132,101.0,555.0,-2.1607015132904053,0.045076705515384674,-3.22074556350708,0.09273643791675568,-3.2017788887023926,4.253004550933838,0.0,13.6,-5.195596218109131,0.0815383568406105,-2.1460089683532715,0.1349242627620697
2023-05-06 18:41:00,13133,101.0,555.0,-2.1502444744110107,0.05537315458059311,-3.109907627105713,0.10088089108467102,-3.440187931060791,3.2585723400115967,0.0,13.59,-5.225525379180908,0.11144384741783142,-2.1347126960754395,0.17731256783008575
2023-05-06 18:42:00,13134,101.0,555.0,-2.2007148265838623,0.05023800581693649,-3.1597821712493896,0.09228872507810593,-0.6585220694541931,2.6847691535949707,0.0,13.6,-5.095043659210205,0.11626549065113068,-2.132455348968506,0.17548400163650513
2023-05-06 18:43:00,13135,101.0,555.0,-2.238091230392456,0.06229472532868385,-3.1539061069488525,0.0689724013209343,-0.6585336923599243,5.48525333404541,0.0,13.6,-5.258769512176514,0.14315468072891235,-2.4665589332580566,0.2681773602962494
2023-05-06 18:44:00,13136,101.0,555.0,-2.2144923210144043,0.05395888164639473,-3.1302781105041504,0.0952061340212822,-0.6017322540283203,6.836282730102539,0.0,13.6,-5.338384628295898,0.12673453986644745,-2.482407808303833,0.2582915127277374
2023-05-06 18:45:00,13137,101.0,555.0,-2.279365301132202,0.05023718625307083,-3.160447120666504,0.09290517121553421,-0.3292626738548279,5.265792369842529,0.0,13.6,-5.153672695159912,0.09590472280979156,-2.409919261932373,0.2441960722208023
2023-05-06 18:46:00,13138,101.0,555.0,-2.1987502574920654,0.04442615807056427,-3.0817079544067383,0.08038356900215149,0.8969578146934509,7.832327365875244,0.0,13.59,-5.256513595581055,0.09698768705129623,-2.5367517471313477,0.22931084036827087
2023-05-06 18:47:00,13139,101.0,555.0,-2.211855411529541,0.05257236585021019,-3.0882656574249268,0.11731365323066711,3.360830783843994,6.0816755294799805,0.0,13.6,-5.126007556915283,0.11596503853797913,-2.5401461124420166,0.300588995218277
2023-05-06 18:48:00,13140,101.0,555.0,-2.259693145751953,0.06636982411146164,-3.147965431213379,0.12694425880908966,2.5433831214904785,6.043512344360352,0.0,13.6,-5.242121696472168,0.1069963201880455,-2.6228127479553223,0.23413485288619995
2023-05-06 18:49:00,13141,101.0,555.0,-2.3121206760406494,0.0709962546825409,-3.199139356613159,0.10236680507659912,2.56607723236084,7.021026134490967,0.0,13.6,-5.338334560394287,0.11262847483158112,-2.7281312942504883,0.2607628107070923
2023-05-06 18:50:00,13142,101.0,555.0,-2.3049070835113525,0.053767576813697815,-3.1853549480438232,0.11256430298089981,-3.213228464126587,2.809117317199707,0.0,13.6,-5.4832000732421875,0.11297822743654251,-2.4925713539123535,0.14225491881370544
2023-05-06 18:51:00,13143,101.0,555.0,-2.2682042121887207,0.05395861715078354,-3.2496488094329834,0.09600167721509933,-6.403722286224365,3.6816811561584473,0.0,13.59,-5.326152324676514,0.10827097296714783,-2.344214916229248,0.1400797814130783
2023-05-06 18:52:00,13144,101.0,555.0,-2.318664073944092,0.04364914819598198,-3.182722806930542,0.10159759968519211,10.740878105163574,4.753027439117432,0.0,13.6,-5.24873161315918,0.08099742978811264,-2.837968587875366,0.18623532354831696
2023-05-06 18:53:00,13145,101.0,555.0,-2.2721283435821533,0.048740871250629425,-3.1551594734191895,0.11450334638357162,3.4970057010650635,5.620981216430664,0.0,13.6,-5.359311580657959,0.11061349511146545,-2.767749309539795,0.2323758453130722
2023-05-06 18:54:00,13146,101.0,555.0,-2.266228199005127,0.06090248003602028,-3.243729591369629,0.11458943039178848,1.930155873298645,6.153958797454834,0.0,13.6,-5.284103870391846,0.10697207599878311,-2.5559756755828857,0.28750142455101013
2023-05-06 18:55:00,13147,101.0,555.0,-2.266875743865967,0.06533540040254593,-3.2240357398986816,0.10892710089683533,1.8960762023925781,5.840409278869629,0.0,13.6,-5.231001377105713,0.15090849995613098,-2.481224298477173,0.2139693796634674
2023-05-06 18:56:00,13148,101.0,555.0,-2.299642324447632,0.05201320722699165,-3.1046254634857178,0.09018818289041519,9.117045402526855,3.5399534702301025,0.0,13.59,-5.252011775970459,0.10755741596221924,-2.8481407165527344,0.1656455397605896
2023-05-06 18:57:00,13149,101.0,555.0,-2.3402717113494873,0.07088443636894226,-3.210252523422241,0.10766888409852982,5.801721096038818,3.284702777862549,0.0,13.6,-5.382503986358643,0.12768927216529846,-2.8300182819366455,0.16213969886302948
2023-05-06 18:58:00,13150,101.0,555.0,-2.4601991176605225,0.0593586340546608,-3.2935726642608643,0.11932749301195145,4.9729413986206055,6.680800914764404,0.0,13.6,-5.4510650634765625,0.14679521322250366,-2.8855056762695312,0.22551603615283966
2023-05-06 18:59:00,13151,101.0,555.0,-2.562432050704956,0.06966499984264374,-3.424787759780884,0.12715280055999756,1.1467517614364624,6.0683698654174805,0.0,13.6,-5.618053913116455,0.1325254738330841,-2.9217417240142822,0.2487286478281021
2023-05-06 19:00:00,13152,101.0,555.0,-2.591287136077881,0.05818994343280792,-3.4825501441955566,0.11599837243556976,1.3057104349136353,7.702540397644043,0.0,13.6,-5.73311185836792,0.10917139798402786,-3.0474672317504883,0.2871549427509308
2023-05-06 19:01:00,13153,101.0,555.0,-2.5349280834198,0.051001906394958496,-3.5291354656219482,0.12320302426815033,2.3729562759399414,5.332909107208252,0.0,13.59,-5.676713466644287,0.13182860612869263,-2.8062543869018555,0.29703375697135925
2023-05-06 19:02:00,13154,101.0,555.0,-2.461486339569092,0.0646904855966568,-3.447721004486084,0.10667160898447037,-0.4882108271121979,8.002663612365723,0.0,13.6,-5.68214750289917,0.1069704070687294,-2.7654387950897217,0.16188864409923553
2023-05-06 19:03:00,13155,101.0,555.0,-2.4123549461364746,0.06127624586224556,-3.375579357147217,0.08937907963991165,-1.0105060338974,4.654478073120117,0.0,13.6,-5.581553936004639,0.1343715786933899,-2.493670701980591,0.1954725831747055
2023-05-06 19:04:00,13156,101.0,555.0,-2.3691394329071045,0.06325194239616394,-3.307399034500122,0.10887893289327621,3.2018394470214844,6.294646263122559,0.0,13.6,-5.464416027069092,0.12462745606899261,-2.6601850986480713,0.2544896900653839
2023-05-06 19:05:00,13157,101.0,555.0,-2.3573341369628906,0.05626463517546654,-3.3434722423553467,0.12066569179296494,2.7250239849090576,6.64235782623291,0.0,13.6,-5.423476696014404,0.11923981457948685,-2.6262013912200928,0.29949313402175903
2023-05-06 19:06:00,13158,101.0,555.0,-2.3402891159057617,0.056296128779649734,-3.300161600112915,0.11322171986103058,2.1913764476776123,6.752228736877441,0.0,13.59,-5.436734676361084,0.13805939257144928,-2.562776803970337,0.25757384300231934
2023-05-06 19:07:00,13159,101.0,555.0,-2.335031747817993,0.0508083738386631,-3.294235944747925,0.12479283660650253,5.325089454650879,6.091343879699707,0.0,13.6,-5.4654541015625,0.15081347525119781,-2.631840944290161,0.2887774705886841
2023-05-06 19:08:00,13160,101.0,555.0,-2.333716630935669,0.052176784723997116,-3.3066956996917725,0.10113128274679184,1.828009843826294,6.122988224029541,0.0,13.6,-5.3957719802856445,0.13131925463676453,-2.463099718093872,0.24643763899803162
2023-05-06 19:09:00,13161,101.0,555.0,-2.361884593963623,0.07210052013397217,-3.3388266563415527,0.11993838101625443,0.3406180441379547,6.525302410125732,0.0,13.6,-5.491957664489746,0.10927847772836685,-2.4834706783294678,0.26906442642211914
2023-05-06 19:10:00,13162,101.0,555.0,-2.43461537361145,0.06229081377387047,-3.449686288833618,0.12773898243904114,1.5554566383361816,6.7210612297058105,0.0,13.6,-5.654495716094971,0.1143300011754036,-2.7337300777435303,0.3389248251914978
2023-05-06 19:11:00,13163,101.0,555.0,-2.4418041706085205,0.054531391710042953,-3.4430978298187256,0.12499280273914337,2.81584095954895,6.582068920135498,0.0,13.59,-5.656661510467529,0.12741829454898834,-2.7484278678894043,0.2525388300418854
2023-05-06 19:12:00,13164,101.0,555.0,-2.4608168601989746,0.0659124106168747,-3.355194091796875,0.09942077100276947,4.6892170906066895,5.345491409301758,0.0,13.6,-5.696491718292236,0.11733736842870712,-2.8797998428344727,0.18899311125278473
2023-05-06 19:13:00,13165,101.0,555.0,-2.5551905632019043,0.06598839908838272,-3.4877278804779053,0.10856905579566956,1.0105079412460327,5.557430744171143,0.0,13.6,-5.804879188537598,0.11713691055774689,-2.9137773513793945,0.3246994912624359
2023-05-06 19:14:00,13166,101.0,555.0,-2.6351442337036133,0.04947325214743614,-3.621570587158203,0.09480351954698563,0.4314574897289276,7.2831220626831055,0.0,13.6,-5.881189823150635,0.14835625886917114,-2.9341633319854736,0.17912296950817108
2023-05-06 19:15:00,13167,101.0,555.0,-2.708542823791504,0.05565033480525017,-3.6904590129852295,0.13419209420681,-2.747637987136841,3.755986452102661,0.0,13.6,-6.180890083312988,0.12043175101280212,-2.9953153133392334,0.23677298426628113
2023-05-06 19:16:00,13168,101.0,555.0,-2.866480588912964,0.06121087446808815,-3.772468328475952,0.10517788678407669,6.301340103149414,5.969480514526367,0.0,13.59,-6.396539688110352,0.1995043009519577,-3.573993682861328,0.24441926181316376
2023-05-06 19:17:00,13169,101.0,555.0,-2.937255620956421,0.055281855165958405,-4.001437664031982,0.1204364001750946,-0.306555837392807,6.924206733703613,0.0,13.6,-6.692916393280029,0.10799676924943924,-3.419978618621826,0.20484454929828644
2023-05-06 19:18:00,13170,101.0,555.0,-2.867130994796753,0.0685923844575882,-3.8912124633789062,0.10704173147678375,-1.3737947940826416,6.612278461456299,0.0,13.6,-6.72608757019043,0.11362285166978836,-3.347499132156372,0.25690218806266785
2023-05-06 19:19:00,13171,101.0,555.0,-2.7727861404418945,0.07267127186059952,-3.9397976398468018,0.07979178428649902,-1.8506778478622437,2.5793840885162354,0.0,13.6,-6.452987194061279,0.13024646043777466,-2.9126667976379395,0.20363153517246246
2023-05-06 19:20:00,13172,101.0,555.0,-2.619442939758301,0.0821964368224144,-3.7351114749908447,0.10949205607175827,-3.599215269088745,2.9330029487609863,0.0,13.6,-6.221872806549072,0.11954112350940704,-2.6624040603637695,0.1680428683757782
2023-05-06 19:21:00,13173,101.0,555.0,-2.5067083835601807,0.06033128499984741,-3.466095447540283,0.07919621467590332,8.288314819335938,3.0998313426971436,0.0,13.59,-6.000655651092529,0.11892498284578323,-3.066673517227173,0.13330236077308655
2023-05-06 19:22:00,13174,101.0,555.0,-2.5152266025543213,0.06539087742567062,-3.5861573219299316,0.09279503673315048,2.259467363357544,6.334024429321289,0.0,13.6,-5.919921398162842,0.15086869895458221,-2.8639636039733887,0.17536015808582306
2023-05-06 19:23:00,13175,101.0,555.0,-2.4903197288513184,0.05451611056923866,-3.4444382190704346,0.1128387451171875,9.58288860321045,3.4845168590545654,0.0,13.6,-5.887842178344727,0.1069016382098198,-2.8741517066955566,0.15208561718463898
2023-05-06 19:24:00,13176,101.0,555.0,-2.5080320835113525,0.06622666120529175,-3.529097557067871,0.08093227446079254,0.5336565375328064,6.171658992767334,0.0,13.6,-5.743009090423584,0.1323884129524231,-2.5219788551330566,0.2412244826555252
2023-05-06 19:25:00,13177,101.0,555.0,-2.511979341506958,0.06622336059808731,-3.4707272052764893,0.08478579670190811,8.413578033447266,3.0891149044036865,0.0,13.6,-5.9708638191223145,0.15106646716594696,-3.0995495319366455,0.1641523689031601
2023-05-06 19:26:00,13178,101.0,555.0,-2.692220449447632,0.07267657667398453,-3.720067262649536,0.10023940354585648,2.236745595932007,6.2327351570129395,0.0,13.59,-6.092555522918701,0.11650805175304413,-3.013503074645996,0.24619311094284058
2023-05-06 19:27:00,13179,101.0,555.0,-2.774799108505249,0.05848555266857147,-3.72007155418396,0.09788519889116287,5.586231708526611,3.189998149871826,0.0,13.6,-6.498439311981201,0.17758221924304962,-3.446110248565674,0.18404142558574677
2023-05-06 19:28:00,13180,101.0,555.0,-2.869807243347168,0.05853985249996185,-3.8158364295959473,0.053719524294137955,6.994051933288574,1.6819227933883667,0.0,13.6,-6.6012468338012695,0.10171481966972351,-3.7880911827087402,0.13624902069568634
2023-05-06 19:29:00,13181,101.0,555.0,-2.8304827213287354,0.06154393032193184,-3.8689756393432617,0.11042941361665726,-0.39742034673690796,5.121114730834961,0.0,13.6,-6.717360973358154,0.124947689473629,-3.406447410583496,0.22890588641166687
2023-05-06 19:30:00,13182,101.0,555.0,-2.9490959644317627,0.0591999851167202,-3.9667248725891113,0.11904748529195786,2.497931718826294,6.187381267547607,0.0,13.6,-6.647673606872559,0.13891929388046265,-3.536672830581665,0.2268625944852829
2023-05-06 19:31:00,13183,101.0,555.0,-3.0290427207946777,0.07284649461507797,-4.089405059814453,0.1046668142080307,5.291045188903809,7.2900776863098145,0.0,13.59,-6.8975958824157715,0.1622675359249115,-3.8322367668151855,0.25338608026504517
2023-05-06 19:32:00,13184,101.0,555.0,-3.1699395179748535,0.07037339359521866,-4.27507209777832,0.1298060119152069,0.17031079530715942,6.6743574142456055,0.0,13.6,-7.268067359924316,0.16675487160682678,-4.016821384429932,0.2646436095237732
2023-05-06 19:33:00,13185,101.0,555.0,-3.329211711883545,0.08175335824489594,-4.4240336418151855,0.14940254390239716,6.551429748535156,4.931600093841553,0.0,13.6,-7.542383670806885,0.08450546860694885,-4.476628303527832,0.18777324259281158
2023-05-06 19:34:00,13186,101.0,555.0,-3.5186171531677246,0.07088422775268555,-4.521801471710205,0.15238068997859955,5.972352027893066,6.721556186676025,0.0,13.6,-7.775750637054443,0.11714975535869598,-4.529862880706787,0.2429860234260559
2023-05-06 19:35:00,13187,101.0,555.0,-3.553377866744995,0.05962003022432327,-4.649774074554443,0.0951027199625969,2.645594358444214,6.743176460266113,0.0,13.6,-8.044549942016602,0.10586962848901749,-4.516308307647705,0.3137097656726837
2023-05-06 19:36:00,13188,101.0,555.0,-3.5356762409210205,0.05386316031217575,-4.7035651206970215,0.11075176298618317,4.93920373916626,6.110681533813477,0.0,13.59,-8.064441680908203,0.09498618543148041,-4.564995765686035,0.26823604106903076
2023-05-06 19:37:00,13189,101.0,555.0,-3.448503255844116,0.04613663628697395,-4.6576247215271,0.08728544414043427,7.754951477050781,5.517873764038086,0.0,13.6,-8.088748931884766,0.12455298751592636,-4.634062767028809,0.16680768132209778
2023-05-06 19:38:00,13190,101.0,555.0,-3.3383991718292236,0.08238967508077621,-4.662868976593018,0.10766767710447311,12.21702766418457,1.5725549459457397,0.0,13.6,-7.937228202819824,0.10498452186584473,-4.695211410522461,0.12814639508724213
2023-05-06 19:39:00,13191,101.0,555.0,-3.110332727432251,0.08515626937150955,-4.5159010887146,0.09008117020130157,1.2830089330673218,6.185317516326904,0.0,13.6,-7.768017768859863,0.12813468277454376,-4.217308044433594,0.3543446362018585
2023-05-06 19:40:00,13192,101.0,555.0,-3.048112630844116,0.05250826105475426,-4.439194679260254,0.11839241534471512,2.293491840362549,6.839505672454834,0.0,13.6,-7.385461330413818,0.10922720283269882,-3.8651604652404785,0.2405882179737091
2023-05-06 19:41:00,13193,101.0,555.0,-3.0566329956054688,0.061281390488147736,-4.386707782745361,0.13239769637584686,-0.5109220147132874,5.787985801696777,0.0,13.59,-7.517070293426514,0.1028638556599617,-3.9421699047088623,0.19318610429763794
2023-05-06 19:42:00,13194,101.0,555.0,-3.1844210624694824,0.054906222969293594,-4.550064563751221,0.11794326454401016,0.8628882765769958,6.582302570343018,0.0,13.6,-7.601101398468018,0.14759589731693268,-3.953483819961548,0.28438299894332886
2023-05-06 19:43:00,13195,101.0,555.0,-3.2643492221832275,0.054438043385744095,-4.542811393737793,0.10322359949350357,3.5423636436462402,5.448081016540527,0.0,13.6,-7.5944037437438965,0.14301447570323944,-4.087082386016846,0.2276633381843567
2023-05-06 19:44:00,13196,101.0,555.0,-3.3298540115356445,0.05941356346011162,-4.553922653198242,0.09682387858629227,6.4034857749938965,5.013964653015137,0.0,13.6,-7.693865776062012,0.12438985705375671,-4.212748050689697,0.30387070775032043
2023-05-06 19:45:00,13197,101.0,555.0,-3.403935670852661,0.052450962364673615,-4.666806697845459,0.1064780056476593,-2.3388471603393555,5.932685375213623,0.0,13.6,-7.818894863128662,0.12362583726644516,-4.025922775268555,0.18838681280612946
2023-05-06 19:46:00,13198,101.0,555.0,-3.3587253093719482,0.06512521207332611,-4.538879871368408,0.1029801070690155,4.166779041290283,6.678121089935303,0.0,13.58,-7.688417434692383,0.12143073230981827,-4.19467306137085,0.32748591899871826
2023-05-06 19:47:00,13199,101.0,555.0,-3.2767858505249023,0.05637597292661667,-4.4653706550598145,0.09408479183912277,1.8734012842178345,6.058318138122559,0.0,13.6,-7.535754203796387,0.14806149899959564,-3.8877508640289307,0.2611331343650818
2023-05-06 19:48:00,13200,101.0,555.0,-3.149653434753418,0.056843601167201996,-4.538863182067871,0.07197728008031845,-1.067275881767273,4.084322929382324,0.0,13.6,-7.44176721572876,0.0952526181936264,-3.5808606147766113,0.15004810690879822
2023-05-06 19:49:00,13201,101.0,555.0,-3.1437745094299316,0.05198062211275101,-4.372897624969482,0.10120735317468643,4.530174732208252,5.672130107879639,0.0,13.6,-7.411952495574951,0.12952150404453278,-4.039534091949463,0.23617172241210938
2023-05-06 19:50:00,13202,101.0,555.0,-3.2106125354766846,0.062099892646074295,-4.484422206878662,0.11348707228899002,4.564201354980469,5.0233941078186035,0.0,13.6,-7.515889644622803,0.13590335845947266,-4.121060371398926,0.3215400278568268
2023-05-06 19:51:00,13203,101.0,555.0,-3.2230565547943115,0.04867338389158249,-4.502782344818115,0.109493188560009,2.032315731048584,5.827666759490967,0.0,13.59,-7.631993770599365,0.12144553661346436,-3.993082284927368,0.28025779128074646
2023-05-06 19:52:00,13204,101.0,555.0,-3.279376745223999,0.05615474656224251,-4.36757230758667,0.051034554839134216,5.0523786544799805,1.4626076221466064,0.0,13.6,-7.644064426422119,0.07925545424222946,-4.24330472946167,0.1159905418753624
2023-05-06 19:53:00,13205,101.0,555.0,-3.3717703819274902,0.06604056060314178,-4.589971542358398,0.08200781047344208,-0.2611381709575653,6.352867126464844,0.0,13.6,-7.71592378616333,0.12419247627258301,-3.809562921524048,0.21011114120483398
2023-05-06 19:54:00,13206,101.0,555.0,-3.4117414951324463,0.05484602227807045,-4.505329608917236,0.11840639263391495,3.372011661529541,5.4275665283203125,0.0,13.6,-7.803277969360352,0.1050553098320961,-3.9024174213409424,0.2658819258213043
2023-05-06 19:55:00,13207,101.0,555.0,-3.4621877670288086,0.060245417058467865,-4.612906455993652,0.12206931412220001,1.8279238939285278,6.475103378295898,0.0,13.6,-7.8342084884643555,0.11092591285705566,-3.7733023166656494,0.2824738323688507
2023-05-06 19:56:00,13208,101.0,555.0,-3.5217928886413574,0.05043983459472656,-4.702092170715332,0.12498363107442856,3.122218608856201,5.580519199371338,0.0,13.58,-7.836350440979004,0.12096255272626877,-3.6928656101226807,0.2610474228858948
2023-05-06 19:57:00,13209,101.0,555.0,-3.5368950366973877,0.04675959795713425,-4.713939189910889,0.13006635010242462,-5.517794609069824,4.4124674797058105,0.0,13.6,-7.974654197692871,0.09879148751497269,-3.4505536556243896,0.14312277734279633
2023-05-06 19:58:00,13210,101.0,555.0,-3.462204933166504,0.060671959072351456,-4.658198833465576,0.12441404908895493,-3.0086722373962402,4.536209583282471,0.0,13.6,-7.923826694488525,0.09637904167175293,-3.339592456817627,0.1245642602443695
2023-05-06 19:59:00,13211,101.0,555.0,-3.3389594554901123,0.05241059884428978,-4.50002908706665,0.15998992323875427,2.7815933227539062,6.5117268562316895,0.0,13.6,-7.654998779296875,0.10134091228246689,-3.3927767276763916,0.21552814543247223
2023-05-06 20:00:00,13212,101.0,555.0,-3.240654945373535,0.06228907033801079,-4.336661338806152,0.07577640563249588,7.595496654510498,2.0842232704162598,0.0,13.6,-7.4625654220581055,0.11133231222629547,-3.4561896324157715,0.184193417429924
2023-05-06 20:01:00,13213,101.0,555.0,-3.196765184402466,0.06745900213718414,-4.3229079246521,0.1079225093126297,2.8725132942199707,6.702507972717285,0.0,13.58,-7.249168395996094,0.13415153324604034,-3.2319858074188232,0.2271779477596283
2023-05-06 20:02:00,13214,101.0,555.0,-3.084087371826172,0.08035823702812195,-4.187811851501465,0.13035935163497925,3.746777296066284,6.7041916847229,0.0,13.6,-6.997117042541504,0.1640188843011856,-3.250147581100464,0.29542335867881775
2023-05-06 20:03:00,13215,101.0,555.0,-2.9550440311431885,0.0710066631436348,-4.094731330871582,0.11710819602012634,2.0664455890655518,6.324914455413818,0.0,13.6,-6.784921646118164,0.1405670940876007,-3.1652791500091553,0.27413246035575867
2023-05-06 20:04:00,13216,101.0,555.0,-2.8246231079101562,0.05084899812936783,-3.9556336402893066,0.10599329322576523,3.1337671279907227,5.99891471862793,0.0,13.6,-6.62455415725708,0.13875176012516022,-3.201514959335327,0.2512240707874298
2023-05-06 20:05:00,13217,101.0,555.0,-2.7636725902557373,0.06262412667274475,-3.9582560062408447,0.12121184170246124,1.7485662698745728,5.770455837249756,0.0,13.6,-6.5758891105651855,0.1347426325082779,-3.22756028175354,0.254996120929718
2023-05-06 20:06:00,13218,101.0,555.0,-2.8062591552734375,0.07895791530609131,-4.026473045349121,0.12408827245235443,1.9643198251724243,5.997607231140137,0.0,13.59,-6.655487060546875,0.13829109072685242,-3.3860926628112793,0.2707063555717468
2023-05-06 20:07:00,13219,101.0,555.0,-2.9773075580596924,0.07801534235477448,-4.19049596786499,0.13587874174118042,3.519916296005249,5.901521682739258,0.0,13.6,-6.92311954498291,0.1929517388343811,-3.6782689094543457,0.26329880952835083
2023-05-06 20:08:00,13220,101.0,555.0,-3.155564546585083,0.054968345910310745,-4.40963077545166,0.13397735357284546,2.906792640686035,6.327550888061523,0.0,13.6,-7.2416253089904785,0.16850824654102325,-3.835681200027466,0.24323363602161407
2023-05-06 20:09:00,13221,101.0,555.0,-3.2709240913391113,0.05443263798952103,-4.606482982635498,0.14598920941352844,0.7153658270835876,5.4607319831848145,0.0,13.6,-7.463953495025635,0.14052361249923706,-3.865143299102783,0.24719558656215668
2023-05-06 20:10:00,13222,101.0,555.0,-3.3364791870117188,0.04642951488494873,-4.69705057144165,0.07622958719730377,0.9197055101394653,6.234987258911133,0.0,13.6,-7.781399726867676,0.11985054612159729,-3.946704626083374,0.193502277135849
2023-05-06 20:11:00,13223,101.0,555.0,-3.4190738201141357,0.06478361040353775,-4.725287914276123,0.11318735778331757,3.054351568222046,5.378004550933838,0.0,13.59,-7.890929222106934,0.14502808451652527,-4.180017948150635,0.2531712055206299
2023-05-06 20:12:00,13224,101.0,555.0,-3.47282075881958,0.05629725754261017,-4.829618453979492,0.12541638314723969,1.0219104290008545,5.658401012420654,0.0,13.6,-7.91085147857666,0.10428225994110107,-4.18342399597168,0.257063090801239
2023-05-06 20:13:00,13225,101.0,555.0,-3.4197518825531006,0.04760398343205452,-4.849981307983398,0.11405030637979507,0.11354700475931168,4.679183483123779,0.0,13.6,-7.885452747344971,0.11311057955026627,-4.097374439239502,0.250678688287735
2023-05-06 20:14:00,13226,101.0,555.0,-3.3096542358398438,0.06306462734937668,-4.61378812789917,0.07392628490924835,8.10727596282959,2.3227031230926514,0.0,13.6,-7.840120792388916,0.09447846561670303,-4.474503040313721,0.15032383799552917
2023-05-06 20:15:00,13227,101.0,555.0,-3.183835506439209,0.07249581813812256,-4.525888442993164,0.0939781591296196,7.130819320678711,2.765915632247925,0.0,13.6,-7.714076519012451,0.14161042869091034,-4.3250322341918945,0.17927579581737518
2023-05-06 20:16:00,13228,101.0,555.0,-3.088156223297119,0.06236709654331207,-4.348745822906494,0.10352006554603577,3.985461473464966,2.31638765335083,0.0,13.59,-7.456401348114014,0.19306235015392303,-3.9467837810516357,0.17114035785198212
2023-05-06 20:17:00,13229,101.0,555.0,-3.011481761932373,0.06859631836414337,-4.3900885581970215,0.07790698856115341,1.862139344215393,5.110084056854248,0.0,13.6,-7.068221092224121,0.1290665715932846,-3.564002513885498,0.251332551240921
2023-05-06 20:18:00,13230,101.0,555.0,-2.8443639278411865,0.06873536854982376,-4.176201343536377,0.09940847754478455,3.826413869857788,5.234463214874268,0.0,13.6,-6.993027210235596,0.09546659141778946,-3.6919820308685303,0.3650115132331848
2023-05-06 20:19:00,13231,101.0,555.0,-2.77882719039917,0.05773323029279709,-4.159144401550293,0.06735716015100479,-1.86210298538208,2.691051721572876,0.0,13.6,-6.727598667144775,0.12711898982524872,-3.3329780101776123,0.1833510547876358
2023-05-06 20:20:00,13232,101.0,555.0,-2.761789083480835,0.05293625220656395,-4.050231456756592,0.11298051476478577,2.0665128231048584,6.826254844665527,0.0,13.6,-6.709908485412598,0.09469437599182129,-3.554953098297119,0.242312490940094
2023-05-06 20:21:00,13233,101.0,555.0,-2.6851017475128174,0.048741720616817474,-3.9983866214752197,0.05766075849533081,2.849942684173584,6.767716884613037,0.0,13.59,-6.895691394805908,0.1118723601102829,-3.6874470710754395,0.19806650280952454
2023-05-06 20:22:00,13234,101.0,555.0,-2.6772220134735107,0.0700826346874237,-4.041011333465576,0.13072828948497772,1.862158179283142,6.098437309265137,0.0,13.6,-6.789480209350586,0.11838925629854202,-3.585500478744507,0.2730339467525482
2023-05-06 20:23:00,13235,101.0,555.0,-2.506788730621338,0.09407389909029007,-3.837562084197998,0.12018518149852753,1.9643346071243286,6.35577917098999,0.0,13.6,-6.5328049659729,0.1113104373216629,-3.4597437381744385,0.2062160074710846
2023-05-06 20:24:00,13236,101.0,555.0,-2.3409571647644043,0.07680898159742355,-3.64528751373291,0.14767922461032867,2.849944829940796,5.667851448059082,0.0,13.6,-6.200963497161865,0.1378251016139984,-3.2502026557922363,0.2664085030555725
2023-05-06 20:25:00,13237,101.0,555.0,-2.24005126953125,0.08057593554258347,-3.521972417831421,0.12704016268253326,1.6237010955810547,5.577964782714844,0.0,13.6,-5.9366984367370605,0.1335138976573944,-3.0180728435516357,0.2555405795574188
2023-05-06 20:26:00,13238,101.0,555.0,-2.1351940631866455,0.05756903067231178,-3.396003484725952,0.12173333019018173,2.361722230911255,5.822715759277344,0.0,13.59,-5.811732292175293,0.15242671966552734,-2.984100580215454,0.2661570608615875
2023-05-06 20:27:00,13239,101.0,555.0,-2.059164524078369,0.0745968297123909,-3.2851104736328125,0.12035699933767319,2.123253107070923,6.0026655197143555,0.0,13.6,-5.624809265136719,0.14095419645309448,-2.8017611503601074,0.27133291959762573
2023-05-06 20:28:00,13240,101.0,555.0,-2.0499765872955322,0.04840482771396637,-3.2358829975128174,0.11871369928121567,2.656874418258667,5.928199768066406,0.0,13.6,-5.521922588348389,0.11306557804346085,-2.762106418609619,0.2654343247413635
2023-05-06 20:29:00,13241,101.0,555.0,-2.053889751434326,0.06435859948396683,-3.2063286304473877,0.10980699956417084,2.2821736335754395,5.6367011070251465,0.0,13.6,-5.477633953094482,0.11520189791917801,-2.6737492084503174,0.2499106228351593
2023-05-06 20:30:00,13242,101.0,555.0,-2.046680212020874,0.060672834515571594,-3.1092259883880615,0.12122474610805511,2.304868459701538,5.652087211608887,0.0,13.6,-5.358193397521973,0.11144605278968811,-2.618257761001587,0.279459685087204
2023-05-06 20:31:00,13243,101.0,555.0,-1.9909746646881104,0.0522480271756649,-3.096759796142578,0.12253322452306747,1.4987202882766724,5.455282688140869,0.0,13.59,-5.288519859313965,0.1300857961177826,-2.4631097316741943,0.25832852721214294
2023-05-06 20:32:00,13244,101.0,555.0,-1.9726306200027466,0.06347215920686722,-2.980640172958374,0.12408903986215591,0.38603082299232483,5.83171272277832,0.0,13.6,-5.165777683258057,0.1167210042476654,-2.4053611755371094,0.2681432366371155
2023-05-06 20:33:00,13245,101.0,555.0,-1.9595240354537964,0.04435200244188309,-3.0521552562713623,0.07450663298368454,-4.632501125335693,1.0900055170059204,0.0,13.6,-5.135919094085693,0.07962671667337418,-2.156219005584717,0.13353537023067474
2023-05-06 20:34:00,13246,101.0,555.0,-1.9444515705108643,0.05148223415017128,-2.9688327312469482,0.14486941695213318,1.5100854635238647,4.5463056564331055,0.0,13.6,-5.130391597747803,0.0886053517460823,-2.2615394592285156,0.19500499963760376
2023-05-06 20:35:00,13247,101.0,555.0,-1.9234923124313354,0.06062409654259682,-2.857970952987671,0.09322421252727509,3.9512054920196533,5.908607482910156,0.0,13.6,-4.936884880065918,0.12003873288631439,-2.522022008895874,0.22332027554512024
2023-05-06 20:36:00,13248,101.0,555.0,-1.9333364963531494,0.057058461010456085,-2.8914525508880615,0.11598579585552216,3.883028268814087,6.436720848083496,0.0,13.59,-4.904848575592041,0.10300703346729279,-2.386143207550049,0.25667935609817505
2023-05-06 20:37:00,13249,101.0,555.0,-1.879590392112732,0.05314449220895767,-2.82255220413208,0.11024786531925201,5.654181480407715,5.166125297546387,0.0,13.6,-4.836265563964844,0.18095895648002625,-2.4733362197875977,0.20164306461811066
2023-05-06 20:38:00,13250,101.0,555.0,-1.8343679904937744,0.055528443306684494,-2.796304941177368,0.10707930475473404,5.1659650802612305,7.674300670623779,0.0,13.6,-4.7898101806640625,0.1059565469622612,-2.390662670135498,0.2582920789718628
2023-05-06 20:39:00,13251,101.0,555.0,-1.8717149496078491,0.046080876141786575,-2.8140065670013428,0.07451558113098145,-1.7258179187774658,4.624548435211182,0.0,13.6,-4.634957313537598,0.11609115451574326,-2.226442813873291,0.23021267354488373
2023-05-06 20:40:00,13252,101.0,555.0,-1.8487815856933594,0.06599219143390656,-2.825822591781616,0.12219700962305069,2.8158364295959473,5.165014743804932,0.0,13.6,-4.8185529708862305,0.12997303903102875,-2.349888324737549,0.2805175185203552
2023-05-06 20:41:00,13253,101.0,555.0,-1.9457879066467285,0.08387432247400284,-2.905886173248291,0.07790534198284149,-2.8385751247406006,2.9621453285217285,0.0,13.59,-4.817478656768799,0.09242383390665054,-2.1245391368865967,0.15880633890628815
2023-05-06 20:42:00,13254,101.0,555.0,-1.9962455034255981,0.05804276466369629,-3.0161023139953613,0.05524296313524246,0.7039433121681213,2.58805513381958,0.0,13.6,-4.901515007019043,0.08606068044900894,-2.1392548084259033,0.12921543419361115
2023-05-06 20:43:00,13255,101.0,555.0,-2.088646650314331,0.0756683349609375,-3.0246236324310303,0.11965520679950714,3.4857096672058105,4.437857151031494,0.0,13.61,-4.982235431671143,0.09863916784524918,-2.370274305343628,0.3089213967323303
2023-05-06 20:44:00,13256,101.0,555.0,-2.104372024536133,0.0580984428524971,-2.985252857208252,0.11835307627916336,1.2035683393478394,5.582388877868652,0.0,13.61,-5.047477722167969,0.12813633680343628,-2.413304567337036,0.27164945006370544
2023-05-06 20:45:00,13257,101.0,555.0,-2.0755348205566406,0.06303414702415466,-2.972785472869873,0.10840341448783875,1.5782570838928223,5.663736343383789,0.0,13.61,-5.035309791564941,0.1199878454208374,-2.4099059104919434,0.26764777302742004
2023-05-06 20:46:00,13258,101.0,555.0,-2.023101568222046,0.06151678040623665,-2.891423463821411,0.10980772972106934,6.40372896194458,5.519368648529053,0.0,13.59,-4.960096836090088,0.12031278014183044,-2.520883798599243,0.23429864645004272
2023-05-06 20:47:00,13259,101.0,555.0,-1.9444650411605835,0.058947041630744934,-2.86518931388855,0.10540314763784409,3.4061923027038574,6.512908935546875,0.0,13.61,-5.010986804962158,0.1208423376083374,-2.400850534439087,0.21187302470207214
2023-05-06 20:48:00,13260,101.0,555.0,-1.9864223003387451,0.056752827018499374,-2.879643678665161,0.12382661551237106,3.587853193283081,6.338158130645752,0.0,13.61,-4.942452907562256,0.11331990361213684,-2.437106132507324,0.2690836191177368
2023-05-06 20:49:00,13261,101.0,555.0,-2.038205146789551,0.060135383158922195,-2.932800531387329,0.10935310274362564,2.6341683864593506,5.765138626098633,0.0,13.61,-4.974546909332275,0.1532401442527771,-2.469959020614624,0.22734633088111877
2023-05-06 20:50:00,13262,101.0,555.0,-2.040832281112671,0.07381027191877365,-2.9577410221099854,0.1100543960928917,2.4411580562591553,5.77164363861084,0.0,13.61,-5.030964374542236,0.12792252004146576,-2.4609057903289795,0.3116535246372223
2023-05-06 20:51:00,13263,101.0,555.0,-2.0015032291412354,0.06646143645048141,-2.8875279426574707,0.10943305492401123,4.246434211730957,5.728633403778076,0.0,13.6,-4.964591026306152,0.12618978321552277,-2.503932237625122,0.28690025210380554
2023-05-06 20:52:00,13264,101.0,555.0,-1.966766595840454,0.06154514104127884,-2.9045839309692383,0.12978927791118622,1.7598613500595093,6.245269298553467,0.0,13.61,-4.912606239318848,0.13102680444717407,-2.267239570617676,0.25513800978660583
2023-05-06 20:53:00,13265,101.0,555.0,-1.967415452003479,0.06298356503248215,-2.8953888416290283,0.12163793295621872,1.3511136770248413,5.975850582122803,0.0,13.61,-4.84623384475708,0.14074595272541046,-2.2264628410339355,0.24321788549423218
2023-05-06 20:54:00,13266,101.0,555.0,-2.017889976501465,0.06401487439870834,-2.856694221496582,0.12331584841012955,4.291816711425781,5.776907444000244,0.0,13.61,-4.84515380859375,0.11395583301782608,-2.4541056156158447,0.2907027304172516
2023-05-06 20:55:00,13267,101.0,555.0,-2.076235055923462,0.05410730466246605,-2.8895232677459717,0.10641179233789444,3.2359378337860107,5.171259880065918,0.0,13.61,-4.904914855957031,0.13828876614570618,-2.450728178024292,0.2340303510427475
2023-05-06 20:56:00,13268,101.0,555.0,-2.115567684173584,0.06413332372903824,-2.9426825046539307,0.10651033371686935,0.851535439491272,5.5964579582214355,0.0,13.6,-4.984568119049072,0.12940339744091034,-2.434885263442993,0.24379649758338928
2023-05-06 20:57:00,13269,101.0,555.0,-2.111640453338623,0.0575692392885685,-3.029297113418579,0.08081444352865219,-0.20437191426753998,5.697353839874268,0.0,13.61,-4.950295448303223,0.12307548522949219,-2.2695443630218506,0.21459145843982697
2023-05-06 20:58:00,13270,101.0,555.0,-2.125417947769165,0.057625412940979004,-2.9853575229644775,0.113226018846035,4.2804155349731445,6.790825366973877,0.0,13.61,-5.104058742523193,0.1182701364159584,-2.5889289379119873,0.2458469122648239
2023-05-06 20:59:00,13271,101.0,555.0,-2.1365582942962646,0.05992523208260536,-2.961735486984253,0.0935385525226593,4.212279319763184,5.619661808013916,0.0,13.61,-5.090784549713135,0.11109468340873718,-2.620638370513916,0.25436219573020935
2023-05-06 21:00:00,13272,101.0,555.0,-2.1483471393585205,0.05651520565152168,-3.081794261932373,0.07008823752403259,-1.975620150566101,2.2584187984466553,0.0,13.61,-4.989016056060791,0.11332250386476517,-2.1472389698028564,0.11912371218204498
2023-05-06 21:01:00,13273,101.0,555.0,-2.127380132675171,0.06121407821774483,-2.9518895149230957,0.12122934311628342,1.8393462896347046,6.262616157531738,0.0,13.6,-4.954742908477783,0.11343228816986084,-2.3748793601989746,0.26793384552001953
2023-05-06 21:02:00,13274,101.0,555.0,-2.1778509616851807,0.05880613625049591,-2.9604272842407227,0.11359837651252747,2.2935025691986084,6.658463478088379,0.0,13.61,-4.909411430358887,0.12619243562221527,-2.3692233562469482,0.2978667914867401
2023-05-06 21:03:00,13275,101.0,555.0,-2.2164978981018066,0.06921638548374176,-2.9945178031921387,0.11541391164064407,2.475149393081665,6.263349533081055,0.0,13.6,-5.002266883850098,0.1241903230547905,-2.457536458969116,0.27633827924728394
2023-05-06 21:04:00,13276,101.0,555.0,-2.279407024383545,0.06047980859875679,-3.078490734100342,0.11673683673143387,2.543260335922241,6.11448335647583,0.0,13.6,-5.115058422088623,0.13722357153892517,-2.6421263217926025,0.2631963789463043
2023-05-06 21:05:00,13277,101.0,555.0,-2.3016762733459473,0.0589691624045372,-3.1591744422912598,0.12564994394779205,1.805243968963623,6.135840892791748,0.0,13.6,-5.2676496505737305,0.11751752346754074,-2.685145378112793,0.2833026349544525
2023-05-06 21:06:00,13278,101.0,555.0,-2.3527917861938477,0.06056396663188934,-3.1952552795410156,0.11184700578451157,2.7703065872192383,6.393904209136963,0.0,13.59,-5.314091682434082,0.13506735861301422,-2.7440309524536133,0.27125826478004456
2023-05-06 21:07:00,13279,101.0,555.0,-2.351470947265625,0.0629156306385994,-3.1493139266967773,0.12510845065116882,2.304791212081909,5.754980087280273,0.0,13.6,-5.265406131744385,0.11859433352947235,-2.6454925537109375,0.2645856738090515
2023-05-06 21:08:00,13280,101.0,555.0,-2.323317527770996,0.05756481736898422,-3.151319742202759,0.11464495956897736,1.759819746017456,6.49765682220459,0.0,13.6,-5.254409313201904,0.12263929843902588,-2.644390821456909,0.2724439799785614
2023-05-06 21:09:00,13281,101.0,555.0,-2.315476894378662,0.061379190534353256,-3.1336371898651123,0.1145942434668541,1.2035210132598877,6.005424976348877,0.0,13.61,-5.196953296661377,0.10936806350946426,-2.468879222869873,0.259540855884552
2023-05-06 21:10:00,13282,101.0,555.0,-2.3770718574523926,0.06557097285985947,-3.0076475143432617,0.07780993729829788,8.23155689239502,3.2630348205566406,0.0,13.6,-5.19803524017334,0.09279496967792511,-2.9230031967163086,0.14387114346027374
2023-05-06 21:11:00,13283,101.0,555.0,-2.479963541030884,0.07925457507371902,-3.2595925331115723,0.11314274370670319,2.497842311859131,6.149548053741455,0.0,13.59,-5.432492256164551,0.11586663872003555,-2.7667129039764404,0.2718259394168854
2023-05-06 21:12:00,13284,101.0,555.0,-2.5658087730407715,0.07129792124032974,-3.3652148246765137,0.12927137315273285,1.896073818206787,6.051136493682861,0.0,13.6,-5.6127424240112305,0.11701749265193939,-2.933180570602417,0.2980439066886902
2023-05-06 21:13:00,13285,101.0,555.0,-2.606426239013672,0.052796050906181335,-3.452456474304199,0.12556815147399902,0.9083072543144226,6.046746253967285,0.0,13.6,-5.734362602233887,0.11317761987447739,-2.9694035053253174,0.26472634077072144
2023-05-06 21:14:00,13286,101.0,555.0,-2.6365416049957275,0.06596459448337555,-3.466193199157715,0.1114429458975792,4.31438684463501,5.536578178405762,0.0,13.6,-5.858158588409424,0.1193748414516449,-3.2071876525878906,0.2708881199359894
2023-05-06 21:15:00,13287,101.0,555.0,-2.6608128547668457,0.06761305779218674,-3.556109666824341,0.10987617820501328,3.9510657787323,5.894002914428711,0.0,13.6,-6.041795253753662,0.12845313549041748,-3.30574107170105,0.2762388288974762
2023-05-06 21:16:00,13288,101.0,555.0,-2.6811442375183105,0.061963364481925964,-3.5338213443756104,0.0798303559422493,3.190356731414795,4.3751678466796875,0.0,13.59,-6.242006778717041,0.09980586916208267,-3.5254642963409424,0.23311573266983032
2023-05-06 21:17:00,13289,101.0,555.0,-2.658851385116577,0.04657802730798721,-3.5338082313537598,0.06156032904982567,7.198363780975342,1.3184536695480347,0.0,13.6,-6.191110134124756,0.08677320927381516,-3.6534230709075928,0.118582583963871
2023-05-06 21:18:00,13290,101.0,555.0,-2.646395444869995,0.05386616662144661,-3.6007261276245117,0.10352173447608948,6.823709487915039,5.532257556915283,0.0,13.6,-6.153498649597168,0.09907238930463791,-3.491471529006958,0.21020661294460297
2023-05-06 21:19:00,13291,101.0,555.0,-2.6758711338043213,0.05097995698451996,-3.664346933364868,0.11461199820041656,2.8270950317382812,6.154751300811768,0.0,13.6,-6.163415431976318,0.1439042091369629,-3.270615816116333,0.23389574885368347
2023-05-06 21:20:00,13292,101.0,555.0,-2.6922800540924072,0.060268692672252655,-3.701122760772705,0.11601845920085907,2.1685709953308105,6.149288654327393,0.0,13.6,-6.188908576965332,0.11922959983348846,-3.2774393558502197,0.2701840102672577
2023-05-06 21:21:00,13293,101.0,555.0,-2.6582372188568115,0.059722721576690674,-3.6841137409210205,0.11838386207818985,1.1694309711456299,6.29542875289917,0.0,13.59,-6.219960689544678,0.12698894739151,-3.228787422180176,0.26096686720848083
2023-05-06 21:22:00,13294,101.0,555.0,-2.582854986190796,0.06279285252094269,-3.6145474910736084,0.12807266414165497,2.259429693222046,6.606557369232178,0.0,13.6,-6.072836399078369,0.13019905984401703,-3.1030633449554443,0.2731180191040039
2023-05-06 21:23:00,13295,101.0,555.0,-2.480609178543091,0.05666283145546913,-3.4964375495910645,0.1262386441230774,2.282155752182007,6.133467197418213,0.0,13.6,-5.961119174957275,0.13001485168933868,-3.0271782875061035,0.2857208251953125
2023-05-06 21:24:00,13296,101.0,555.0,-2.39148211479187,0.06791620701551437,-3.4387054443359375,0.1195836290717125,2.7931506633758545,6.460199356079102,0.0,13.6,-5.806295394897461,0.10802194476127625,-2.933185577392578,0.27745237946510315
2023-05-06 21:25:00,13297,101.0,555.0,-2.340358018875122,0.0529981292784214,-3.3691511154174805,0.11969085782766342,3.372244119644165,6.321923732757568,0.0,13.6,-5.639284610748291,0.11396808177232742,-2.8131344318389893,0.28484514355659485
2023-05-06 21:26:00,13298,101.0,555.0,-2.3737637996673584,0.0677163377404213,-3.343536138534546,0.1149672418832779,2.0665109157562256,6.118734359741211,0.0,13.59,-5.6989617347717285,0.12478628754615784,-2.815377950668335,0.2641502618789673
2023-05-06 21:27:00,13299,101.0,555.0,-2.4694406986236572,0.06250160932540894,-3.2556076049804688,0.06905326247215271,8.061717987060547,2.850425958633423,0.0,13.6,-5.739865303039551,0.09423781931400299,-3.1324663162231445,0.16905447840690613
2023-05-06 21:28:00,13300,101.0,555.0,-2.4982683658599854,0.057642679661512375,-3.3769760131835938,0.1106681376695633,3.0998098850250244,6.357479572296143,0.0,13.6,-5.803989887237549,0.14255943894386292,-2.9320056438446045,0.2499152570962906
2023-05-06 21:29:00,13301,101.0,555.0,-2.521827220916748,0.05346947908401489,-3.462878465652466,0.11962277442216873,1.9188754558563232,6.3974609375,0.0,13.6,-5.7806854248046875,0.11043129116296768,-2.82777738571167,0.2765825092792511
2023-05-06 21:30:00,13302,101.0,555.0,-2.515260934829712,0.06174284219741821,-3.4228389263153076,0.11906059086322784,3.008903980255127,6.5371413230896,0.0,13.6,-5.7098774909973145,0.11646890640258789,-2.924023151397705,0.2815171182155609
2023-05-06 21:31:00,13303,101.0,555.0,-2.458317756652832,0.06237797439098358,-3.3927595615386963,0.0854937806725502,7.323424816131592,4.611447334289551,0.0,13.59,-5.658066749572754,0.13592001795768738,-3.0316975116729736,0.19421932101249695
2023-05-06 21:32:00,13304,101.0,555.0,-2.4248974323272705,0.060774918645620346,-3.4564080238342285,0.11561711132526398,-2.781773567199707,3.4676921367645264,0.0,13.6,-5.7078447341918945,0.09501218795776367,-2.5696427822113037,0.16055803000926971
2023-05-06 21:33:00,13305,101.0,555.0,-2.3606820106506348,0.05224992707371712,-3.2576208114624023,0.05503177270293236,0.4768834114074707,5.85687255859375,0.0,13.6,-5.716719150543213,0.11797560751438141,-2.7146153450012207,0.16801968216896057
2023-05-06 21:34:00,13306,101.0,555.0,-2.383608102798462,0.05377305671572685,-3.266789674758911,0.12438471615314484,3.8036792278289795,5.732661724090576,0.0,13.6,-5.432458400726318,0.11712401360273361,-2.7451789379119873,0.27015313506126404
2023-05-06 21:35:00,13307,101.0,555.0,-2.327234983444214,0.06237773969769478,-3.2772724628448486,0.11287200450897217,1.7598941326141357,5.798350811004639,0.0,13.6,-5.43243408203125,0.1318635195493698,-2.6987342834472656,0.27154138684272766
2023-05-06 21:36:00,13308,101.0,555.0,-2.238090991973877,0.05711812898516655,-3.23067045211792,0.12570306658744812,0.0794917643070221,5.43458366394043,0.0,13.59,-5.387059688568115,0.09576820582151413,-2.473353385925293,0.2555088996887207
2023-05-06 21:37:00,13309,101.0,555.0,-2.228257894515991,0.0535644106566906,-3.0994455814361572,0.11038351058959961,2.872654438018799,5.277173042297363,0.0,13.6,-5.24328088760376,0.09500215947628021,-2.6386938095092773,0.29726284742355347
2023-05-06 21:38:00,13310,101.0,555.0,-2.1896026134490967,0.06520549952983856,-3.0948688983917236,0.09346051514148712,3.7470014095306396,6.25449275970459,0.0,13.6,-5.263214588165283,0.1410205066204071,-2.656827449798584,0.2442721277475357
2023-05-06 21:39:00,13311,101.0,555.0,-2.2256507873535156,0.06856153905391693,-3.218221426010132,0.08055416494607925,-1.3398324251174927,4.463920593261719,0.0,13.6,-5.1913347244262695,0.11579744517803192,-2.2717831134796143,0.16890762746334076
2023-05-06 21:40:00,13312,101.0,555.0,-2.1948537826538086,0.05348048359155655,-3.0653555393218994,0.12270522117614746,4.439682960510254,6.464987754821777,0.0,13.6,-5.189135551452637,0.13642293214797974,-2.517540454864502,0.24544374644756317
2023-05-06 21:41:00,13313,101.0,555.0,-2.1679933071136475,0.06111665442585945,-3.034531831741333,0.07717736810445786,1.6237475872039795,7.0702290534973145,0.0,13.59,-5.235610008239746,0.1054178848862648,-2.5571887493133545,0.260211706161499
2023-05-06 21:42:00,13314,101.0,555.0,-2.210599422454834,0.06661391258239746,-3.176262140274048,0.07520770281553268,-0.3860500454902649,3.569044589996338,0.0,13.6,-5.0973801612854,0.11838962137699127,-2.2344329357147217,0.2046390324831009
2023-05-06 21:43:00,13315,101.0,555.0,-2.2669143676757812,0.04859280213713646,-3.1315805912017822,0.1205798014998436,1.7826101779937744,5.59026575088501,0.0,13.6,-5.207866191864014,0.1284925788640976,-2.474470853805542,0.30696412920951843
2023-05-06 21:44:00,13316,101.0,555.0,-2.3206534385681152,0.05629719793796539,-3.1512625217437744,0.1116877943277359,3.4176130294799805,5.654107570648193,0.0,13.6,-5.360483169555664,0.15136201679706573,-2.7983591556549072,0.28920307755470276
2023-05-06 21:45:00,13317,101.0,555.0,-2.3587069511413574,0.05765467882156372,-3.2077443599700928,0.12623855471611023,1.2716933488845825,5.238011837005615,0.0,13.6,-5.412559509277344,0.12842458486557007,-2.652317762374878,0.24530093371868134
2023-05-06 21:46:00,13318,101.0,555.0,-2.293816566467285,0.07449959963560104,-3.1086602210998535,0.09090793877840042,6.0065155029296875,3.1231772899627686,0.0,13.59,-5.394845008850098,0.14400433003902435,-2.758763551712036,0.18617551028728485
2023-05-06 21:47:00,13319,101.0,555.0,-2.2597248554229736,0.057194195687770844,-3.0141639709472656,0.061980608850717545,3.905973196029663,4.2306108474731445,0.0,13.6,-5.356108665466309,0.099970743060112,-2.6183199882507324,0.21788614988327026
2023-05-06 21:48:00,13320,101.0,555.0,-2.2243473529815674,0.055316317826509476,-3.1014437675476074,0.117897167801857,0.1248651072382927,6.037929058074951,0.0,13.6,-5.180291652679443,0.110941581428051,-2.395232915878296,0.260416716337204
2023-05-06 21:49:00,13321,101.0,555.0,-2.194861650466919,0.0572059229016304,-3.035841226577759,0.12636123597621918,2.361698865890503,5.556151390075684,0.0,13.6,-5.0697102546691895,0.13555997610092163,-2.4631893634796143,0.23427991569042206
2023-05-06 21:50:00,13322,101.0,555.0,-2.1482584476470947,0.06420169025659561,-3.0147452354431152,0.11047506332397461,2.2822442054748535,5.833803176879883,0.0,13.6,-5.052953720092773,0.15315361320972443,-2.431398868560791,0.26201874017715454
2023-05-06 21:51:00,13323,101.0,555.0,-2.1108973026275635,0.07088521122932434,-2.920259952545166,0.11465547233819962,3.6675221920013428,5.657827854156494,0.0,13.59,-4.957830429077148,0.12240659445524216,-2.38722562789917,0.28192541003227234
2023-05-06 21:52:00,13324,101.0,555.0,-2.065018653869629,0.055835939943790436,-2.9497785568237305,0.1269223839044571,2.214157819747925,5.272217750549316,0.0,13.6,-4.809628486633301,0.12144441902637482,-2.073530435562134,0.32026544213294983
2023-05-06 21:53:00,13325,101.0,555.0,-2.0125772953033447,0.059418730437755585,-2.8795578479766846,0.1154034361243248,1.0219224691390991,5.469383239746094,0.0,13.6,-4.720017910003662,0.13996215164661407,-2.0236895084381104,0.2459598183631897
2023-05-06 21:54:00,13326,101.0,555.0,-1.9286777973175049,0.058067332953214645,-2.7594733238220215,0.11010424792766571,2.5094056129455566,5.497624397277832,0.0,13.6,-4.5994391441345215,0.13187137246131897,-1.9545947313308716,0.2988530993461609
2023-05-06 21:55:00,13327,101.0,555.0,-1.9129515886306763,0.05552661791443825,-2.6840271949768066,0.11352116614580154,2.986316680908203,5.211004257202148,0.0,13.6,-4.516501426696777,0.10621252655982971,-1.978378176689148,0.26464030146598816
2023-05-06 21:56:00,13328,101.0,555.0,-1.9142630100250244,0.05151446908712387,-2.687964677810669,0.08038270473480225,7.868926048278809,5.752013683319092,0.0,13.59,-4.414760112762451,0.11586138606071472,-2.139186143875122,0.16940928995609283
2023-05-06 21:57:00,13329,101.0,555.0,-1.9260562658309937,0.05299379676580429,-2.6499078273773193,0.08365730196237564,5.541025161743164,6.599881649017334,0.0,13.6,-4.35392951965332,0.10142376273870468,-2.0032896995544434,0.17255903780460358
2023-05-06 21:58:00,13330,101.0,555.0,-1.9621137380599976,0.051620371639728546,-2.613184690475464,0.09371126443147659,3.2019453048706055,6.2826032638549805,0.0,13.6,-4.337370872497559,0.09064953774213791,-2.006701946258545,0.1923830807209015
2023-05-06 21:59:00,13331,101.0,555.0,-2.023754596710205,0.058967914432287216,-2.676219940185547,0.13339760899543762,7.221342086791992,3.4226043224334717,0.0,13.6,-4.413760662078857,0.10526091605424881,-2.240027666091919,0.12152843177318573
2023-05-06 22:00:00,13332,101.0,555.0,-2.057840585708618,0.050082553178071976,-2.817290782928467,0.1086166724562645,2.3844399452209473,7.976308822631836,0.0,13.6,-4.599573612213135,0.11901375651359558,-2.131316900253296,0.30461910367012024
2023-05-06 22:01:00,13333,101.0,555.0,-2.051293134689331,0.053322721272706985,-2.7726845741271973,0.10693446546792984,2.0210318565368652,6.278280735015869,0.0,13.59,-4.68806266784668,0.1309448778629303,-2.0996148586273193,0.26278379559516907
2023-05-06 22:02:00,13334,101.0,555.0,-2.05588436126709,0.05836433917284012,-2.770720958709717,0.12697109580039978,2.952040433883667,5.484809875488281,0.0,13.6,-4.663740158081055,0.1288362443447113,-2.2207939624786377,0.26880350708961487
2023-05-06 22:03:00,13335,101.0,555.0,-2.127319097518921,0.05684542655944824,-2.869136095046997,0.11159762740135193,2.7703776359558105,5.704900741577148,0.0,13.6,-4.84843111038208,0.13096632063388824,-2.381605625152588,0.30549681186676025
2023-05-06 22:04:00,13336,101.0,555.0,-2.266893148422241,0.07279818505048752,-3.0469143390655518,0.11571142077445984,2.134591579437256,5.410802841186523,0.0,13.6,-5.113813400268555,0.13859006762504578,-2.6363918781280518,0.29768264293670654
2023-05-06 22:05:00,13337,101.0,555.0,-2.341609239578247,0.05344683676958084,-3.11777925491333,0.10918937623500824,2.872637987136841,5.68090295791626,0.0,13.6,-5.2697601318359375,0.13176776468753815,-2.7541747093200684,0.2944784164428711
2023-05-06 22:06:00,13338,101.0,555.0,-2.3272011280059814,0.06154501810669899,-3.12632155418396,0.10643204301595688,2.3503644466400146,5.746401309967041,0.0,13.59,-5.264252662658691,0.12628985941410065,-2.674912691116333,0.27008113265037537
2023-05-06 22:07:00,13339,101.0,555.0,-2.247896432876587,0.051353879272937775,-3.0482382774353027,0.10424448549747467,2.4185104370117188,5.7572126388549805,0.0,13.6,-5.185719013214111,0.137506902217865,-2.5390093326568604,0.2757209539413452
2023-05-06 22:08:00,13340,101.0,555.0,-2.1948082447052,0.04679764807224274,-3.0423285961151123,0.12262372672557831,2.3163352012634277,6.181984901428223,0.0,13.6,-5.089494228363037,0.1403966099023819,-2.5118257999420166,0.2613929212093353
2023-05-06 22:09:00,13341,101.0,555.0,-2.1869378089904785,0.0634409710764885,-3.0095150470733643,0.10933501273393631,2.974853277206421,5.743061542510986,0.0,13.6,-5.0828447341918945,0.12832573056221008,-2.5741047859191895,0.2649379372596741
2023-05-06 22:10:00,13342,101.0,555.0,-2.2085633277893066,0.059706348925828934,-3.0462543964385986,0.12450497597455978,2.2481400966644287,5.965449333190918,0.0,13.6,-5.1093831062316895,0.1247289627790451,-2.5276718139648438,0.26774176955223083
2023-05-06 22:11:00,13343,101.0,555.0,-2.24198317527771,0.05250648781657219,-3.0567474365234375,0.14099028706550598,0.726664125919342,4.98268985748291,0.0,13.59,-5.15471887588501,0.10801335424184799,-2.554847240447998,0.27156564593315125
2023-05-06 22:12:00,13344,101.0,555.0,-2.2452585697174072,0.06409160047769547,-3.089550256729126,0.11099175363779068,3.9058353900909424,5.74689245223999,0.0,13.6,-5.225494861602783,0.125095397233963,-2.686211585998535,0.2178821563720703
2023-05-06 22:13:00,13345,101.0,555.0,-2.233459949493408,0.06765120476484299,-3.161717414855957,0.10720466077327728,-1.1013720035552979,4.914361476898193,0.0,13.6,-5.170193672180176,0.10719479620456696,-2.3736484050750732,0.267473042011261
2023-05-06 22:14:00,13346,101.0,555.0,-2.1705660820007324,0.05998002365231514,-3.069237470626831,0.08350866287946701,0.6585639119148254,4.768706798553467,0.0,13.6,-5.142592906951904,0.1862908899784088,-2.283071994781494,0.21350036561489105
2023-05-06 22:15:00,13347,101.0,555.0,-2.1135592460632324,0.05903765186667442,-2.9117865562438965,0.07839271426200867,0.011354094371199608,6.611378192901611,0.0,13.6,-5.03423547744751,0.08520757406949997,-2.3204550743103027,0.2773517668247223
2023-05-06 22:16:00,13348,101.0,555.0,-2.095205068588257,0.06010465323925018,-2.9859209060668945,0.11450639367103577,0.14761342108249664,5.820820331573486,0.0,13.59,-4.953492641448975,0.10958823561668396,-2.3249807357788086,0.2617250084877014
2023-05-06 22:17:00,13349,101.0,555.0,-2.10962176322937,0.044152989983558655,-3.063994884490967,0.1257588118314743,-2.5320379734039307,4.385369777679443,0.0,13.6,-5.050811767578125,0.09073403477668762,-2.2321157455444336,0.13748696446418762
2023-05-06 22:18:00,13350,101.0,555.0,-2.1725316047668457,0.061180949211120605,-3.0974490642547607,0.07346861809492111,-3.0316624641418457,2.6309971809387207,0.0,13.6,-4.973385334014893,0.11647011339664459,-2.2898671627044678,0.1931062787771225
2023-05-06 22:19:00,13351,101.0,555.0,-2.1253421306610107,0.055805906653404236,-3.0731685161590576,0.11474399268627167,-0.9197341799736023,4.236026287078857,0.0,13.6,-5.10830020904541,0.10732868313789368,-2.25702166557312,0.1701369285583496
2023-05-06 22:20:00,13352,101.0,555.0,-2.177767038345337,0.0658336877822876,-3.073162317276001,0.06382720172405243,2.9522173404693604,5.205846309661865,0.0,13.6,-5.056312084197998,0.0792575404047966,-2.4710545539855957,0.2901339828968048
2023-05-06 22:21:00,13353,101.0,555.0,-2.1777360439300537,0.04712895676493645,-2.9550232887268066,0.0729062557220459,5.336646556854248,4.7415666580200195,0.0,13.59,-5.250880241394043,0.1534370481967926,-2.7088358402252197,0.19554953277111053
2023-05-06 22:22:00,13354,101.0,555.0,-2.2347402572631836,0.07112877070903778,-2.935981273651123,0.07816781848669052,6.96025276184082,1.7856050729751587,0.0,13.6,-5.251960277557373,0.14014530181884766,-2.76884126663208,0.13904261589050293
2023-05-06 22:23:00,13355,101.0,555.0,-2.262234926223755,0.05346547067165375,-2.9700584411621094,0.05153856799006462,7.561891078948975,2.3092315196990967,0.0,13.6,-5.267373085021973,0.11240477114915848,-2.6102635860443115,0.1575469672679901
2023-05-06 22:24:00,13356,101.0,555.0,-2.3375985622406006,0.0740588828921318,-2.9116671085357666,0.05925093591213226,5.756567001342773,2.729055166244507,0.0,13.6,-5.227560043334961,0.07952401787042618,-2.966980218887329,0.1774706244468689
2023-05-06 22:25:00,13357,101.0,555.0,-2.455559015274048,0.05534032732248306,-3.091430425643921,0.1550561934709549,-1.884766697883606,5.655211925506592,0.0,13.6,-5.491866588592529,0.1284169703722,-2.8129680156707764,0.21132583916187286
2023-05-06 22:26:00,13358,101.0,555.0,-2.5499267578125,0.06209789589047432,-3.429964303970337,0.05946723371744156,-0.9650861620903015,2.2672266960144043,0.0,13.59,-5.636735439300537,0.11262106150388718,-2.7212395668029785,0.14647838473320007
2023-05-06 22:27:00,13359,101.0,555.0,-2.6665761470794678,0.07232224941253662,-3.461454153060913,0.10777224600315094,2.8044073581695557,5.09801721572876,0.0,13.6,-5.7705464363098145,0.09459101408720016,-3.109663248062134,0.3287648856639862
2023-05-06 22:28:00,13360,101.0,555.0,-2.663933753967285,0.06117488816380501,-3.453554391860962,0.09530365467071533,3.0201175212860107,6.230367183685303,0.0,13.6,-5.927536964416504,0.1262839287519455,-3.3191378116607666,0.26368802785873413
2023-05-06 22:29:00,13361,101.0,555.0,-2.6121554374694824,0.0697384849190712,-3.521120548248291,0.14182718098163605,2.4637625217437744,6.002380847930908,0.0,13.6,-5.835732936859131,0.12260648608207703,-3.122087240219116,0.24290530383586884
2023-05-06 22:30:00,13362,101.0,555.0,-2.477787733078003,0.06637582182884216,-3.3629746437072754,0.12661150097846985,2.1458442211151123,5.758664131164551,0.0,13.6,-5.629982948303223,0.15073539316654205,-2.848013162612915,0.2582169771194458
2023-05-06 22:31:00,13363,101.0,555.0,-2.3611366748809814,0.05097688362002373,-3.1976428031921387,0.059858378022909164,5.915249824523926,3.671616554260254,0.0,13.59,-5.538188457489014,0.12322979420423508,-2.8604655265808105,0.22075581550598145
2023-05-06 22:32:00,13364,101.0,555.0,-2.2713510990142822,0.08832047879695892,-3.2291252613067627,0.10060625523328781,2.009587526321411,6.027159214019775,0.0,13.6,-5.372293949127197,0.11805340647697449,-2.598872423171997,0.2092808037996292
2023-05-06 22:33:00,13365,101.0,555.0,-2.1298139095306396,0.06264453381299973,-3.073657274246216,0.0768236294388771,6.10836124420166,4.215901851654053,0.0,13.6,-5.2982330322265625,0.1275145411491394,-2.501500129699707,0.17651906609535217
2023-05-06 22:34:00,13366,101.0,555.0,-2.0485618114471436,0.043489471077919006,-3.0894155502319336,0.0616108775138855,-1.9755840301513672,3.6910579204559326,0.0,13.6,-4.987503528594971,0.12715177237987518,-1.8469730615615845,0.16292262077331543
2023-05-06 22:35:00,13367,101.0,555.0,-2.0315587520599365,0.06325854361057281,-2.837535858154297,0.11301203817129135,2.9519848823547363,5.503034591674805,0.0,13.6,-4.775259017944336,0.10419519245624542,-2.1991941928863525,0.21664117276668549
2023-05-06 22:36:00,13368,101.0,555.0,-2.025667428970337,0.05720354989171028,-2.8591957092285156,0.1257118433713913,2.747619152069092,5.376912593841553,0.0,13.59,-4.677955150604248,0.10456624627113342,-2.101811170578003,0.34465134143829346
2023-05-06 22:37:00,13369,101.0,555.0,-2.057131290435791,0.0768154039978981,-2.8500208854675293,0.11231087893247604,2.668121814727783,5.604123115539551,0.0,13.6,-4.754279136657715,0.11223156750202179,-2.177692174911499,0.2564707398414612
2023-05-06 22:38:00,13370,101.0,555.0,-2.105628490447998,0.06397932767868042,-2.8382134437561035,0.10892537981271744,2.724937677383423,5.629968643188477,0.0,13.6,-4.837225914001465,0.12277035415172577,-2.3566203117370605,0.3055068850517273
2023-05-06 22:39:00,13371,101.0,555.0,-2.127912759780884,0.05376645177602768,-2.887423038482666,0.11405101418495178,2.7136101722717285,5.560211181640625,0.0,13.6,-4.774194717407227,0.13071686029434204,-2.2660269737243652,0.2898246645927429
2023-05-06 22:40:00,13372,101.0,555.0,-2.114135503768921,0.05531226098537445,-2.9543228149414062,0.1184060126543045,1.2830243110656738,5.306314468383789,0.0,13.6,-4.8449387550354,0.11396300047636032,-2.315838575363159,0.279955118894577
2023-05-06 22:41:00,13373,101.0,555.0,-2.095123052597046,0.060102298855781555,-2.8919851779937744,0.11237122863531113,3.542530059814453,5.797750473022461,0.0,13.59,-4.820591926574707,0.13371260464191437,-2.2694005966186523,0.25338226556777954
2023-05-06 22:42:00,13374,101.0,555.0,-2.134451150894165,0.05702308565378189,-2.8959314823150635,0.11025948822498322,1.5782169103622437,5.795908451080322,0.0,13.6,-4.77194881439209,0.12606747448444366,-2.21618390083313,0.2686801552772522
2023-05-06 22:43:00,13375,101.0,555.0,-2.1993322372436523,0.05870337039232254,-2.881500720977783,0.12192405015230179,3.8830745220184326,5.6892266273498535,0.0,13.6,-4.789648532867432,0.12849155068397522,-2.403038740158081,0.2613869905471802
2023-05-06 22:44:00,13376,101.0,555.0,-2.2589752674102783,0.0593838132917881,-2.949741840362549,0.12172742187976837,1.0899765491485596,5.8393168449401855,0.0,13.6,-4.910206317901611,0.12472698092460632,-2.3622782230377197,0.299111008644104
2023-05-06 22:45:00,13377,101.0,555.0,-2.299579620361328,0.0619557686150074,-3.0238428115844727,0.10548187792301178,1.6009129285812378,5.824209690093994,0.0,13.6,-4.9831366539001465,0.13900668919086456,-2.494745969772339,0.2557794451713562
2023-05-06 22:46:00,13378,101.0,555.0,-2.299548864364624,0.06278509646654129,-3.0251152515411377,0.12812429666519165,3.338017225265503,5.716771125793457,0.0,13.59,-5.173280715942383,0.1192910224199295,-2.65438175201416,0.22869186103343964
2023-05-06 22:47:00,13379,101.0,555.0,-2.3100640773773193,0.05859041586518288,-3.0789525508880615,0.1125035509467125,1.9756015539169312,5.901943683624268,0.0,13.6,-5.147912979125977,0.12896065413951874,-2.566087007522583,0.29076045751571655
2023-05-06 22:48:00,13380,101.0,555.0,-2.2596139907836914,0.05394536256790161,-3.0041747093200684,0.11732404679059982,3.8603906631469727,5.7519426345825195,0.0,13.6,-5.008594036102295,0.1383870393037796,-2.523066759109497,0.2537667155265808
2023-05-06 22:49:00,13381,101.0,555.0,-2.1567609310150146,0.056447770446538925,-2.9799487590789795,0.1141592264175415,1.441999077796936,5.5875630378723145,0.0,13.6,-4.950063705444336,0.12306972593069077,-2.243391990661621,0.2534751296043396
2023-05-06 22:50:00,13382,101.0,555.0,-2.092543363571167,0.06424585729837418,-2.844803810119629,0.11337511986494064,3.792372465133667,5.645812511444092,0.0,13.6,-4.786404132843018,0.1267482042312622,-2.256989002227783,0.28100427985191345
2023-05-06 22:51:00,13383,101.0,555.0,-2.1089460849761963,0.0574178583920002,-2.855983257293701,0.1218484416604042,1.2376412153244019,5.873025417327881,0.0,13.59,-4.697972774505615,0.11544086784124374,-2.1335699558258057,0.2980436086654663
2023-05-06 22:52:00,13384,101.0,555.0,-2.1246538162231445,0.05558933690190315,-2.8415212631225586,0.11099059879779816,3.553921937942505,6.190490245819092,0.0,13.6,-4.733315944671631,0.13635411858558655,-2.3045501708984375,0.22340266406536102
2023-05-06 22:53:00,13385,101.0,555.0,-2.0931789875030518,0.06273558735847473,-2.8336236476898193,0.10623487085103989,2.3843963146209717,5.963099956512451,0.0,13.6,-4.690145492553711,0.1120135486125946,-2.1267359256744385,0.2959914803504944
2023-05-06 22:54:00,13386,101.0,555.0,-2.0433967113494873,0.062156617641448975,-2.7752647399902344,0.12416315823793411,2.0323736667633057,6.16077995300293,0.0,13.6,-4.599514961242676,0.12382590025663376,-2.0112509727478027,0.21990227699279785
2023-05-06 22:55:00,13387,101.0,555.0,-2.025052309036255,0.056299883872270584,-2.785114288330078,0.0684196799993515,0.04543204605579376,4.7327141761779785,0.0,13.6,-4.469029426574707,0.10891513526439667,-1.898009181022644,0.2523735761642456
2023-05-06 22:56:00,13388,101.0,555.0,-1.9916234016418457,0.05735385790467262,-2.678819179534912,0.1047508493065834,2.05513072013855,5.089709758758545,0.0,13.59,-4.605044364929199,0.13059206306934357,-2.1618669033050537,0.26242557168006897
2023-05-06 22:57:00,13389,101.0,555.0,-2.0034279823303223,0.05716937407851219,-2.650618553161621,0.10652018338441849,5.0980706214904785,5.189018726348877,0.0,13.6,-4.558615207672119,0.1182776615023613,-2.408752918243408,0.25162437558174133
2023-05-06 22:58:00,13390,101.0,555.0,-1.9837839603424072,0.05296288803219795,-2.745119333267212,0.11383652687072754,1.2148901224136353,5.786043167114258,0.0,13.6,-4.586300849914551,0.13441060483455658,-2.1245224475860596,0.26862338185310364
2023-05-06 22:59:00,13391,101.0,555.0,-2.042781352996826,0.048914890736341476,-2.7549808025360107,0.1142105683684349,2.600078821182251,5.664952278137207,0.0,13.6,-4.634995937347412,0.13858002424240112,-2.358961582183838,0.26926085352897644
2023-05-06 23:00:00,13392,101.0,555.0,-2.11946964263916,0.059505365788936615,-2.848160743713379,0.11176761239767075,2.5887014865875244,5.804258346557617,0.0,13.6,-4.7699432373046875,0.1333157867193222,-2.468824625015259,0.26510873436927795
2023-05-06 23:01:00,13393,101.0,555.0,-2.1456797122955322,0.06232588365674019,-2.835688829421997,0.11317678540945053,4.382585525512695,5.284649848937988,0.0,13.59,-4.782098293304443,0.10621676594018936,-2.5446958541870117,0.27612999081611633
2023-05-06 23:02:00,13394,101.0,555.0,-2.135852336883545,0.053957127034664154,-2.872434377670288,0.14009326696395874,1.5327610969543457,5.36634635925293,0.0,13.6,-4.746715068817139,0.1226339265704155,-2.3374547958374023,0.24911156296730042
2023-05-06 23:03:00,13395,101.0,555.0,-2.080169916152954,0.05010104179382324,-2.858689069747925,0.08446051180362701,1.362446665763855,5.1265549659729,0.0,13.6,-4.692577838897705,0.15328986942768097,-2.1007883548736572,0.27914467453956604
2023-05-06 23:04:00,13396,101.0,555.0,-2.0218355655670166,0.06630685180425644,-2.7911019325256348,0.11403553932905197,5.1999921798706055,3.8874709606170654,0.0,13.6,-4.508975505828857,0.13674767315387726,-2.2208268642425537,0.16103316843509674
2023-05-06 23:05:00,13397,101.0,555.0,-1.9857813119888306,0.05251172557473183,-2.800931453704834,0.07566338032484055,-3.723994493484497,2.9496753215789795,0.0,13.6,-4.47356653213501,0.14195416867733002,-1.8448301553726196,0.15134355425834656
2023-05-06 23:06:00,13398,101.0,555.0,-1.998260498046875,0.05201379582285881,-2.891514301300049,0.08082763850688934,-2.361548662185669,3.5581486225128174,0.0,13.59,-4.6417341232299805,0.11837376654148102,-1.9694312810897827,0.1556929498910904
2023-05-06 23:07:00,13399,101.0,555.0,-2.1254191398620605,0.09616782516241074,-3.0056989192962646,0.0669727772474289,-1.1921254396438599,3.3340675830841064,0.0,13.6,-4.784434795379639,0.10610417276620865,-2.2537057399749756,0.2576068639755249
2023-05-06 23:08:00,13400,101.0,555.0,-2.2060065269470215,0.06607276946306229,-2.955144166946411,0.11201382428407669,2.8951480388641357,4.540202617645264,0.0,13.6,-5.102897644042969,0.11601240187883377,-2.924121379852295,0.34956395626068115
2023-05-06 23:09:00,13401,101.0,555.0,-2.2492611408233643,0.05458183214068413,-3.0194427967071533,0.09889078885316849,7.743101119995117,4.035791397094727,0.0,13.6,-5.100685119628906,0.09183786809444427,-2.939976215362549,0.16451886296272278
2023-05-06 23:10:00,13402,101.0,555.0,-2.214531421661377,0.06237833574414253,-3.1152429580688477,0.10934930294752121,0.8401576280593872,5.729674339294434,0.0,13.6,-5.181432723999023,0.11701790243387222,-2.644399881362915,0.2738579511642456
2023-05-06 23:11:00,13403,101.0,555.0,-2.1706109046936035,0.06878963112831116,-3.227423906326294,0.07485681027173996,0.07947465032339096,3.25769305229187,0.0,13.59,-5.1581830978393555,0.10961399972438812,-2.374852418899536,0.21681423485279083
2023-05-06 23:12:00,13404,101.0,555.0,-2.1555254459381104,0.04154783487319946,-3.2260944843292236,0.05103762820363045,-1.8165515661239624,3.3961806297302246,0.0,13.6,-5.233360290527344,0.10867619514465332,-2.405416965484619,0.14424967765808105
2023-05-06 23:13:00,13405,101.0,555.0,-2.1869888305664062,0.07218386232852936,-3.0955357551574707,0.10163683444261551,0.9877415895462036,5.236119747161865,0.0,13.6,-5.160379409790039,0.14556631445884705,-2.6104042530059814,0.25823429226875305
2023-05-06 23:14:00,13406,101.0,555.0,-2.234833240509033,0.054754383862018585,-3.0338640213012695,0.09825054556131363,0.8174742460250854,6.619728088378906,0.0,13.6,-5.0641655921936035,0.10595827549695969,-2.704403877258301,0.28147971630096436
2023-05-06 23:15:00,13407,101.0,555.0,-2.1581637859344482,0.05328759923577309,-2.951206684112549,0.0773993730545044,0.45416387915611267,6.460072994232178,0.0,13.6,-5.181419849395752,0.11949989199638367,-2.5821053981781006,0.18977446854114532
2023-05-06 23:16:00,13408,101.0,555.0,-2.1090195178985596,0.04919635131955147,-2.8882322311401367,0.09852896630764008,10.252721786499023,2.8564364910125732,0.0,13.59,-4.8817267417907715,0.10585709661245346,-2.5843820571899414,0.12278637290000916
2023-05-06 23:17:00,13409,101.0,555.0,-1.9615832567214966,0.05131752789020538,-2.7636046409606934,0.08282800018787384,2.5432825088500977,4.34403657913208,0.0,13.6,-4.878469944000244,0.08860952407121658,-1.9921057224273682,0.19118832051753998
2023-05-06 23:18:00,13410,101.0,555.0,-1.8940751552581787,0.054755497723817825,-2.6940512657165527,0.10548184812068939,-1.6122370958328247,4.576631546020508,0.0,13.6,-4.670538902282715,0.08992497622966766,-1.8312848806381226,0.13893888890743256
2023-05-06 23:19:00,13411,101.0,555.0,-1.913079023361206,0.05553038418292999,-2.6947038173675537,0.1132856085896492,2.327611207962036,6.183142185211182,0.0,13.6,-4.519014358520508,0.12097156792879105,-1.9988954067230225,0.3226286768913269
2023-05-06 23:20:00,13412,101.0,555.0,-1.9418957233428955,0.05231073126196861,-2.6887710094451904,0.11926387250423431,5.0300092697143555,6.0706257820129395,0.0,13.6,-4.469198703765869,0.10339439660310745,-2.201591730117798,0.3471829295158386
2023-05-06 23:21:00,13413,101.0,555.0,-1.9687614440917969,0.043591003865003586,-2.672360897064209,0.09804699569940567,7.187332630157471,3.7052805423736572,0.0,13.59,-4.4879889488220215,0.07941357046365738,-2.3431506156921387,0.171674445271492
2023-05-06 23:22:00,13414,101.0,555.0,-1.8927415609359741,0.06440100818872452,-2.715014696121216,0.09906288236379623,3.9285500049591064,5.394902229309082,0.0,13.6,-4.4857869148254395,0.12367023527622223,-1.969428539276123,0.34346702694892883
2023-05-06 23:23:00,13415,101.0,555.0,-1.854716181755066,0.07326861470937729,-2.5522799491882324,0.07880065590143204,5.620315074920654,3.840925455093384,0.0,13.6,-4.39506721496582,0.0797896608710289,-2.2412140369415283,0.11536800116300583
2023-05-06 23:24:00,13416,101.0,555.0,-1.8540347814559937,0.05644918978214264,-2.495818614959717,0.06232643499970436,3.4175589084625244,2.247378349304199,0.0,13.6,-4.3430256843566895,0.07891018688678741,-2.238917827606201,0.17475126683712006
2023-05-06 23:25:00,13417,101.0,555.0,-1.8205924034118652,0.0524100735783577,-2.6466948986053467,0.10473056137561798,1.7144463062286377,4.361199855804443,0.0,13.6,-4.211375713348389,0.1100216805934906,-1.6975759267807007,0.3259963095188141
2023-05-06 23:26:00,13418,101.0,555.0,-1.8041960000991821,0.05181461572647095,-2.6105918884277344,0.06986381858587265,4.609830856323242,6.94788122177124,0.0,13.59,-4.130614757537842,0.11596356332302094,-1.7236086130142212,0.22568710148334503
2023-05-06 23:27:00,13419,101.0,555.0,-1.8061416149139404,0.05508236959576607,-2.559387683868408,0.09602180868387222,-0.3179313540458679,5.13060188293457,0.0,13.6,-4.194710731506348,0.12058643251657486,-1.6375231742858887,0.2082119733095169
2023-05-06 23:28:00,13420,101.0,555.0,-1.8008962869644165,0.05166823789477348,-2.550199031829834,0.11159498989582062,3.0089290142059326,5.720607280731201,0.0,13.6,-4.143833637237549,0.10094155371189117,-1.722454309463501,0.24587132036685944
2023-05-06 23:29:00,13421,101.0,555.0,-1.8002452850341797,0.058802805840969086,-2.4629454612731934,0.1088469848036766,2.9520998001098633,5.0518035888671875,0.0,13.6,-4.228998184204102,0.1348302662372589,-1.8583526611328125,0.22699646651744843
2023-05-06 23:30:00,13422,101.0,555.0,-1.8965731859207153,0.04940808191895485,-2.582341432571411,0.0643545612692833,-2.191361427307129,1.8619228601455688,0.0,13.6,-4.130552768707275,0.13137409090995789,-1.7122591733932495,0.14979742467403412
2023-05-06 23:31:00,13423,101.0,555.0,-1.869691252708435,0.06750664114952087,-2.5049068927764893,0.11895844340324402,4.23505973815918,4.854051113128662,0.0,13.59,-4.264338493347168,0.1246478483080864,-2.07462739944458,0.276964008808136
2023-05-06 23:32:00,13424,101.0,555.0,-1.8795032501220703,0.052169639617204666,-2.5658977031707764,0.09602753818035126,2.0891122817993164,6.387968063354492,0.0,13.6,-4.346132278442383,0.13677500188350677,-1.9704229831695557,0.2471633404493332
2023-05-06 23:33:00,13425,101.0,555.0,-1.8821152448654175,0.04997742921113968,-2.5488271713256836,0.09415214508771896,1.0445588827133179,3.5276846885681152,0.0,13.6,-4.472182273864746,0.09706583619117737,-1.9840033054351807,0.10584359616041183
2023-05-06 23:34:00,13426,101.0,555.0,-1.9103022813796997,0.05289636179804802,-2.687268018722534,0.08679897338151932,-0.7607006430625916,4.5291666984558105,0.0,13.6,-4.3339643478393555,0.11201116442680359,-1.8164122104644775,0.2703256905078888
2023-05-06 23:35:00,13427,101.0,555.0,-1.8729444742202759,0.060476455837488174,-2.564578056335449,0.10435619205236435,2.5205307006835938,5.71756649017334,0.0,13.6,-4.371556282043457,0.12652847170829773,-2.0304365158081055,0.2689592242240906
2023-05-06 23:36:00,13428,101.0,555.0,-1.8925879001617432,0.05582227557897568,-2.605231285095215,0.11351808160543442,1.180783748626709,5.863870143890381,0.0,13.59,-4.300741672515869,0.1456187218427658,-1.9307664632797241,0.24095425009727478
2023-05-06 23:37:00,13429,101.0,555.0,-1.8775088787078857,0.06871861964464188,-2.600630044937134,0.131122425198555,0.7947542667388916,5.317825794219971,0.0,13.6,-4.300726413726807,0.12143109738826752,-1.811856746673584,0.23229630291461945
2023-05-06 23:38:00,13430,101.0,555.0,-1.9083017110824585,0.06903015822172165,-2.5448546409606934,0.09475239366292953,3.5309741497039795,6.211776256561279,0.0,13.6,-4.222193717956543,0.13542218506336212,-2.040595531463623,0.2709173262119293
2023-05-06 23:39:00,13431,101.0,555.0,-1.8814622163772583,0.05117737501859665,-2.5678555965423584,0.11946401745080948,3.902848958969116,4.977301597595215,0.0,13.61,-4.18908166885376,0.12673000991344452,-1.956829309463501,0.24774011969566345
2023-05-06 23:40:00,13432,101.0,555.0,-1.8611572980880737,0.05861509218811989,-2.535066843032837,0.12369023263454437,2.6341142654418945,5.361850261688232,0.0,13.6,-4.249929428100586,0.13404081761837006,-1.9047470092773438,0.28476953506469727
2023-05-06 23:41:00,13433,101.0,555.0,-1.8342645168304443,0.058243196457624435,-2.5330655574798584,0.1349947303533554,4.677772045135498,5.539173603057861,0.0,13.59,-4.2952141761779785,0.10960985720157623,-2.0156986713409424,0.24298150837421417
2023-05-06 23:42:00,13434,101.0,555.0,-1.9351940155029297,0.07038018852472305,-2.7010295391082764,0.09426852315664291,1.589522123336792,4.297059535980225,0.0,13.61,-4.289703845977783,0.09370126575231552,-2.0802578926086426,0.37465840578079224
2023-05-06 23:43:00,13435,101.0,555.0,-2.055799722671509,0.08436079323291779,-2.809971332550049,0.1635866016149521,1.9982540607452393,4.320741653442383,0.0,13.6,-4.599405765533447,0.11838218569755554,-2.504943370819092,0.17868074774742126
2023-05-06 23:44:00,13436,101.0,555.0,-2.2910680770874023,0.06455755233764648,-3.071091413497925,0.0716877356171608,-1.8734018802642822,3.324906349182129,0.0,13.6,-4.988683700561523,0.13838894665241241,-2.801642894744873,0.14486370980739594
2023-05-06 23:45:00,13437,101.0,555.0,-2.4404871463775635,0.07592900842428207,-3.2338004112243652,0.08797059208154678,2.838505506515503,5.027922630310059,0.0,13.6,-5.353631496429443,0.1604842096567154,-3.1923346519470215,0.33482372760772705
2023-05-06 23:46:00,13438,101.0,555.0,-2.5624101161956787,0.05381001904606819,-3.3703036308288574,0.11434134095907211,1.2375690937042236,5.314050674438477,0.0,13.59,-5.663347244262695,0.15694350004196167,-3.3293986320495605,0.25393807888031006
2023-05-06 23:47:00,13439,101.0,555.0,-2.603703737258911,0.047669198364019394,-3.4483864307403564,0.12452416867017746,3.6559507846832275,5.116002082824707,0.0,13.6,-5.814871788024902,0.13916894793510437,-3.4539763927459717,0.30593058466911316
2023-05-06 23:48:00,13440,101.0,555.0,-2.5866541862487793,0.06583219021558762,-3.4319701194763184,0.10934958606958389,2.2934610843658447,4.982686996459961,0.0,13.6,-5.80047082901001,0.1345163732767105,-3.3158040046691895,0.3015287220478058
2023-05-06 23:49:00,13441,101.0,555.0,-2.4785101413726807,0.07563120871782303,-3.452948570251465,0.13882969319820404,3.3834052085876465,5.555168151855469,0.0,13.6,-5.7020182609558105,0.12871579825878143,-3.235384464263916,0.2640553116798401
2023-05-06 23:50:00,13442,101.0,555.0,-2.3192389011383057,0.06278595328330994,-3.302673816680908,0.12870416045188904,3.985140800476074,5.967100143432617,0.0,13.6,-5.476362228393555,0.15770463645458221,-2.9126105308532715,0.2106928825378418
2023-05-06 23:51:00,13443,101.0,555.0,-2.276665449142456,0.05212254077196121,-3.1780521869659424,0.11849430203437805,0.8742169141769409,6.3443450927734375,0.0,13.59,-5.349238395690918,0.13161998987197876,-2.8277084827423096,0.2980216145515442
2023-05-06 23:52:00,13444,101.0,555.0,-2.3304193019866943,0.06918192654848099,-3.2075982093811035,0.07276032119989395,5.699509620666504,3.121642827987671,0.0,13.6,-5.620223522186279,0.14502158761024475,-3.0734682083129883,0.12973347306251526
2023-05-06 23:53:00,13445,101.0,555.0,-2.5597612857818604,0.07586896419525146,-3.456869602203369,0.10862907022237778,0.18168790638446808,5.666755199432373,0.0,13.6,-5.841336727142334,0.10558479279279709,-3.1628944873809814,0.332730233669281
2023-05-06 23:54:00,13446,101.0,555.0,-2.6220147609710693,0.06753182411193848,-3.5264084339141846,0.1037241667509079,3.3607864379882812,5.392646789550781,0.0,13.6,-6.060294151306152,0.1159883514046669,-3.3135035037994385,0.26789698004722595
2023-05-06 23:55:00,13447,101.0,555.0,-2.6764121055603027,0.0625292956829071,-3.569058656692505,0.1153651550412178,1.96427583694458,5.61511754989624,0.0,13.6,-6.0846333503723145,0.12723077833652496,-3.2625491619110107,0.2841016352176666
2023-05-06 23:56:00,13448,101.0,555.0,-2.694765329360962,0.06318426877260208,-3.5342912673950195,0.13331212103366852,2.6227688789367676,6.164956092834473,0.0,13.59,-5.896638870239258,0.1378401815891266,-3.2399048805236816,0.2136085033416748
2023-05-06 23:57:00,13449,101.0,555.0,-2.6253042221069336,0.04992665722966194,-3.533642292022705,0.11663459241390228,0.44572165608406067,5.573182582855225,0.0,13.6,-5.840250015258789,0.12962616980075836,-3.1447858810424805,0.17148524522781372
2023-05-06 23:58:00,13450,101.0,555.0,-2.4942381381988525,0.07298650592565536,-3.374218702316284,0.09400833398103714,2.974787712097168,5.223877429962158,0.0,13.6,-5.5394511222839355,0.19701820611953735,-2.968128204345703,0.44199714064598083
2023-05-06 23:59:00,13451,101.0,555.0,-2.1770527362823486,0.12760880589485168,-3.095386266708374,0.17308087646961212,2.838566303253174,5.941872596740723,0.0,13.6,-5.14354133605957,0.14049287140369415,-2.3339624404907227,0.16022752225399017
